日/時,1,2,3,4,5,6,7,8,9,10,11,12,13,14,15,16,17,18,19,20,21,22,23,24,總和
0101,0.0,0.0,0.0,0.0,0.0,0.0,0.0,0.0,0.0,0.0,0.0,0.0,0.0,0.0,0.0,0.0,0.0,0.0,0.0,0.0,0.0,0.0,0.0,0.0,0.0
0102,0.0,0.0,0.0,0.0,0.0,0.0,0.0,0.5,1.0,1.0,1.0,1.0,1.0,0.8,0.0,0.0,0.0,0.0,0.0,0.0,0.0,0.0,0.0,0.0,6.3
0103,0.0,0.0,0.0,0.0,0.0,0.0,0.0,0.0,0.1,0.0,0.3,0.1,0.0,0.0,0.0,0.0,0.0,0.0,0.0,0.0,0.0,0.0,0.0,0.0,0.5
0104,0.0,0.0,0.0,0.0,0.0,0.0,0.0,0.0,0.0,0.0,0.0,0.0,0.3,0.3,0.0,0.0,0.0,0.0,0.0,0.0,0.0,0.0,0.0,0.0,0.6
0105,0.0,0.0,0.0,0.0,0.0,0.0,0.0,1.0,1.0,1.0,1.0,1.0,0.8,0.0,0.0,0.0,0.0,0.0,0.0,0.0,0.0,0.0,0.0,0.0,5.8
0106,0.0,0.0,0.0,0.0,0.0,0.0,0.0,1.0,1.0,1.0,1.0,1.0,1.0,1.0,0.8,0.0,0.0,0.0,0.0,0.0,0.0,0.0,0.0,0.0,7.8
0107,0.0,0.0,0.0,0.0,0.0,0.0,0.0,0.0,0.0,0.0,0.0,0.0,0.0,0.0,0.0,0.0,0.0,0.0,0.0,0.0,0.0,0.0,0.0,0.0,0.0
0108,0.0,0.0,0.0,0.0,0.0,0.0,0.0,0.3,0.4,0.3,0.0,0.4,0.2,0.1,0.1,0.1,0.2,0.0,0.0,0.0,0.0,0.0,0.0,0.0,2.1
0109,0.0,0.0,0.0,0.0,0.0,0.0,0.0,0.0,0.9,1.0,1.0,0.9,0.4,0.0,0.0,0.0,0.0,0.0,0.0,0.0,0.0,0.0,0.0,0.0,4.2
0110,0.0,0.0,0.0,0.0,0.0,0.0,0.0,0.0,0.0,0.0,0.0,0.0,0.0,0.0,0.0,0.0,0.0,0.0,0.0,0.0,0.0,0.0,0.0,0.0,0.0
0111,0.0,0.0,0.0,0.0,0.0,0.0,0.0,0.0,0.0,0.0,0.0,0.2,0.3,0.3,0.0,0.0,0.0,0.0,0.0,0.0,0.0,0.0,0.0,0.0,0.8
0112,0.0,0.0,0.0,0.0,0.0,0.0,0.0,0.3,0.7,0.8,0.9,1.0,1.0,0.9,0.1,0.0,0.0,0.0,0.0,0.0,0.0,0.0,0.0,0.0,5.7
0113,0.0,0.0,0.0,0.0,0.0,0.0,0.0,0.0,0.0,0.0,0.0,0.0,0.0,0.0,0.0,0.0,0.0,0.0,0.0,0.0,0.0,0.0,0.0,0.0,0.0
0114,0.0,0.0,0.0,0.0,0.0,0.0,0.0,0.0,0.0,0.4,1.0,1.0,0.7,0.0,0.0,0.0,0.0,0.0,0.0,0.0,0.0,0.0,0.0,0.0,3.1
0115,0.0,0.0,0.0,0.0,0.0,0.0,0.1,1.0,1.0,1.0,1.0,0.9,0.4,0.4,0.3,0.0,0.0,0.0,0.0,0.0,0.0,0.0,0.0,0.0,6.1
0116,0.0,0.0,0.0,0.0,0.0,0.0,0.0,0.0,0.0,0.0,0.0,0.0,0.0,0.0,0.0,0.0,0.0,0.0,0.0,0.0,0.0,0.0,0.0,0.0,0.0
0117,0.0,0.0,0.0,0.0,0.0,0.0,0.0,0.0,0.0,0.0,0.0,0.0,0.0,0.0,0.4,0.2,0.5,0.0,0.0,0.0,0.0,0.0,0.0,0.0,1.1
0118,0.0,0.0,0.0,0.0,0.0,0.0,0.0,0.2,0.7,1.0,1.0,1.0,1.0,1.0,1.0,0.9,0.8,0.0,0.0,0.0,0.0,0.0,0.0,0.0,8.6
0119,0.0,0.0,0.0,0.0,0.0,0.0,0.0,0.0,0.0,0.0,0.1,0.3,0.6,0.1,0.0,0.0,0.0,0.0,0.0,0.0,0.0,0.0,0.0,0.0,1.1
0120,0.0,0.0,0.0,0.0,0.0,0.0,0.0,0.3,0.7,1.0,1.0,0.4,0.0,0.0,0.6,0.3,0.0,0.0,0.0,0.0,0.0,0.0,0.0,0.0,4.3
0121,0.0,0.0,0.0,0.0,0.0,0.0,0.0,0.0,0.0,0.0,0.0,0.0,0.0,0.0,0.0,0.0,0.0,0.0,0.0,0.0,0.0,0.0,0.0,0.0,0.0
0122,0.0,0.0,0.0,0.0,0.0,0.0,0.0,0.0,0.0,0.1,0.1,0.0,0.0,0.2,0.0,0.0,0.0,0.0,0.0,0.0,0.0,0.0,0.0,0.0,0.4
0123,0.0,0.0,0.0,0.0,0.0,0.0,0.0,0.0,0.0,0.0,0.0,0.0,0.0,0.0,0.0,0.0,0.0,0.0,0.0,0.0,0.0,0.0,0.0,0.0,0.0
0124,0.0,0.0,0.0,0.0,0.0,0.0,0.0,0.0,0.0,0.0,0.0,0.0,0.0,0.0,0.0,0.0,0.0,0.0,0.0,0.0,0.0,0.0,0.0,0.0,0.0
0125,0.0,0.0,0.0,0.0,0.0,0.0,0.0,0.0,0.0,0.0,0.0,0.0,0.0,0.0,0.0,0.0,0.0,0.0,0.0,0.0,0.0,0.0,0.0,0.0,0.0
0126,0.0,0.0,0.0,0.0,0.0,0.0,0.0,0.0,0.0,0.0,0.0,0.0,0.0,0.0,0.0,0.0,0.0,0.0,0.0,0.0,0.0,0.0,0.0,0.0,0.0
0127,0.0,0.0,0.0,0.0,0.0,0.0,0.0,0.0,0.0,0.0,0.0,0.0,0.0,0.0,0.0,0.0,0.0,0.0,0.0,0.0,0.0,0.0,0.0,0.0,0.0
0128,0.0,0.0,0.0,0.0,0.0,0.0,0.0,0.0,0.0,0.0,0.0,0.0,0.0,0.0,0.0,0.0,0.0,0.0,0.0,0.0,0.0,0.0,0.0,0.0,0.0
0129,0.0,0.0,0.0,0.0,0.0,0.0,0.0,0.0,0.0,0.0,0.0,0.0,0.5,0.8,0.1,0.0,0.0,0.0,0.0,0.0,0.0,0.0,0.0,0.0,1.4
0130,0.0,0.0,0.0,0.0,0.0,0.0,0.0,0.2,0.6,0.3,0.7,0.2,0.8,0.4,0.0,0.0,0.0,0.0,0.0,0.0,0.0,0.0,0.0,0.0,3.2
0131,0.0,0.0,0.0,0.0,0.0,0.0,0.0,0.0,0.0,0.0,0.0,0.2,0.7,1.0,0.3,0.0,0.0,0.0,0.0,0.0,0.0,0.0,0.0,0.0,2.2
0201,0.0,0.0,0.0,0.0,0.0,0.0,0.0,0.8,1.0,1.0,1.0,1.0,0.8,0.1,0.0,0.0,0.0,0.0,0.0,0.0,0.0,0.0,0.0,0.0,5.7
0202,0.0,0.0,0.0,0.0,0.0,0.0,0.0,0.0,0.0,0.0,0.3,0.7,0.0,0.2,0.0,0.0,0.0,0.0,0.0,0.0,0.0,0.0,0.0,0.0,1.2
0203,0.0,0.0,0.0,0.0,0.0,0.0,0.0,0.0,0.1,0.1,0.0,0.0,0.1,0.1,0.0,0.0,0.0,0.0,0.0,0.0,0.0,0.0,0.0,0.0,0.4
0204,0.0,0.0,0.0,0.0,0.0,0.0,0.0,0.0,0.0,0.0,0.3,0.5,0.2,0.0,0.0,0.0,0.0,0.0,0.0,0.0,0.0,0.0,0.0,0.0,1.0
0205,0.0,0.0,0.0,0.0,0.0,0.0,0.0,0.0,0.0,0.0,0.0,0.0,0.0,0.0,0.0,0.0,0.0,0.0,0.0,0.0,0.0,0.0,0.0,0.0,0.0
0206,0.0,0.0,0.0,0.0,0.0,0.0,0.0,0.0,0.0,0.0,0.0,0.0,0.0,0.0,0.0,0.0,0.0,0.0,0.0,0.0,0.0,0.0,0.0,0.0,0.0
0207,0.0,0.0,0.0,0.0,0.0,0.0,0.0,0.0,0.0,0.1,0.1,0.0,0.0,0.0,0.0,0.0,0.0,0.0,0.0,0.0,0.0,0.0,0.0,0.0,0.2
0208,0.0,0.0,0.0,0.0,0.0,0.0,0.0,0.0,0.0,0.2,0.2,0.0,0.0,0.3,0.1,0.0,0.0,0.0,0.0,0.0,0.0,0.0,0.0,0.0,0.8
0209,0.0,0.0,0.0,0.0,0.0,0.0,0.0,0.0,0.0,0.1,0.0,0.2,0.0,0.0,0.0,0.0,0.0,0.0,0.0,0.0,0.0,0.0,0.0,0.0,0.3
0210,0.0,0.0,0.0,0.0,0.0,0.0,0.0,0.0,0.0,0.0,0.0,0.0,0.0,0.0,0.0,0.0,0.0,0.0,0.0,0.0,0.0,0.0,0.0,0.0,0.0
0211,0.0,0.0,0.0,0.0,0.0,0.0,0.0,0.9,1.0,1.0,0.9,1.0,1.0,1.0,0.3,0.0,0.0,0.0,0.0,0.0,0.0,0.0,0.0,0.0,7.1
0212,0.0,0.0,0.0,0.0,0.0,0.0,0.0,0.0,0.0,0.0,0.7,0.8,0.3,0.0,0.0,0.0,0.0,0.0,0.0,0.0,0.0,0.0,0.0,0.0,1.8
0213,0.0,0.0,0.0,0.0,0.0,0.0,0.0,0.3,0.7,0.9,1.0,1.0,0.8,0.0,0.0,0.0,0.0,0.0,0.0,0.0,0.0,0.0,0.0,0.0,4.7
0214,0.0,0.0,0.0,0.0,0.0,0.0,0.2,1.0,1.0,1.0,1.0,1.0,1.0,1.0,1.0,1.0,1.0,0.2,0.0,0.0,0.0,0.0,0.0,0.0,10.4
0215,0.0,0.0,0.0,0.0,0.0,0.0,0.2,1.0,1.0,1.0,1.0,1.0,1.0,1.0,0.8,0.4,0.0,0.0,0.0,0.0,0.0,0.0,0.0,0.0,8.4
0216,0.0,0.0,0.0,0.0,0.0,0.0,0.0,0.0,0.0,0.0,0.0,0.0,0.0,0.0,0.0,0.0,0.0,0.0,0.0,0.0,0.0,0.0,0.0,0.0,0.0
0217,0.0,0.0,0.0,0.0,0.0,0.0,0.0,0.3,0.7,1.0,1.0,1.0,1.0,1.0,0.0,0.0,0.0,0.0,0.0,0.0,0.0,0.0,0.0,0.0,6.0
0218,0.0,0.0,0.0,0.0,0.0,0.0,0.0,0.1,0.0,0.2,0.9,1.0,0.8,0.0,0.0,0.0,0.0,0.0,0.0,0.0,0.0,0.0,0.0,0.0,3.0
0219,0.0,0.0,0.0,0.0,0.0,0.0,0.0,0.0,0.1,0.5,0.6,0.1,0.0,0.6,0.8,0.3,0.2,0.2,0.0,0.0,0.0,0.0,0.0,0.0,3.4
0220,0.0,0.0,0.0,0.0,0.0,0.0,0.0,0.1,1.0,0.9,0.9,1.0,1.0,1.0,1.0,0.7,0.0,0.0,0.0,0.0,0.0,0.0,0.0,0.0,7.6
0221,0.0,0.0,0.0,0.0,0.0,0.0,0.2,1.0,1.0,1.0,1.0,1.0,1.0,0.7,0.5,0.5,0.0,0.0,0.0,0.0,0.0,0.0,0.0,0.0,7.9
0222,0.0,0.0,0.0,0.0,0.0,0.0,0.0,0.2,0.8,0.7,1.0,1.0,0.7,0.3,0.1,0.0,0.0,0.0,0.0,0.0,0.0,0.0,0.0,0.0,4.8
0223,0.0,0.0,0.0,0.0,0.0,0.0,0.0,0.0,0.0,0.0,0.0,0.0,0.0,0.0,0.0,0.0,0.0,0.0,0.0,0.0,0.0,0.0,0.0,0.0,0.0
0224,0.0,0.0,0.0,0.0,0.0,0.0,0.0,0.0,0.0,0.0,0.3,0.0,0.0,0.0,0.0,0.0,0.0,0.0,0.0,0.0,0.0,0.0,0.0,0.0,0.3
0225,0.0,0.0,0.0,0.0,0.0,0.0,0.0,0.0,0.0,0.0,0.0,0.0,0.0,0.0,0.0,0.0,0.0,0.0,0.0,0.0,0.0,0.0,0.0,0.0,0.0
0226,0.0,0.0,0.0,0.0,0.0,0.0,0.0,0.0,0.0,0.0,0.0,0.0,0.0,0.0,0.0,0.0,0.0,0.0,0.0,0.0,0.0,0.0,0.0,0.0,0.0
0227,0.0,0.0,0.0,0.0,0.0,0.0,0.0,0.0,0.0,0.0,0.0,0.0,0.0,0.0,0.0,0.0,0.0,0.0,0.0,0.0,0.0,0.0,0.0,0.0,0.0
0228,0.0,0.0,0.0,0.0,0.0,0.0,0.1,0.5,1.0,0.8,1.0,1.0,1.0,0.5,0.5,0.0,0.0,0.0,0.0,0.0,0.0,0.0,0.0,0.0,6.4
0229,0.0,0.0,0.0,0.0,0.0,0.0,0.0,0.0,0.0,0.0,0.1,0.4,0.4,0.4,0.0,0.0,0.0,0.0,0.0,0.0,0.0,0.0,0.0,0.0,1.3
0301,0.0,0.0,0.0,0.0,0.0,0.0,0.0,0.0,0.0,0.0,0.0,0.0,0.0,0.0,0.0,0.0,0.0,0.0,0.0,0.0,0.0,0.0,0.0,0.0,0.0
0302,0.0,0.0,0.0,0.0,0.0,0.0,0.0,0.0,0.0,0.0,0.0,0.0,0.0,0.0,0.0,0.0,0.0,0.0,0.0,0.0,0.0,0.0,0.0,0.0,0.0
0303,0.0,0.0,0.0,0.0,0.0,0.0,0.0,0.0,0.0,0.0,0.2,0.3,0.2,0.0,0.1,0.0,0.6,0.1,0.0,0.0,0.0,0.0,0.0,0.0,1.5
0304,0.0,0.0,0.0,0.0,0.0,0.0,0.4,1.0,1.0,1.0,1.0,1.0,1.0,1.0,1.0,0.8,0.4,0.0,0.0,0.0,0.0,0.0,0.0,0.0,9.6
0305,0.0,0.0,0.0,0.0,0.0,0.0,0.0,0.4,1.0,1.0,1.0,0.3,0.0,0.0,0.3,0.8,0.5,0.0,0.0,0.0,0.0,0.0,0.0,0.0,5.3
0306,0.0,0.0,0.0,0.0,0.0,0.0,0.0,0.0,0.0,0.0,0.0,0.0,0.0,0.0,0.0,0.0,0.0,0.0,0.0,0.0,0.0,0.0,0.0,0.0,0.0
0307,0.0,0.0,0.0,0.0,0.0,0.0,0.0,0.0,0.0,0.0,0.0,0.0,0.0,0.0,0.0,0.0,0.0,0.0,0.0,0.0,0.0,0.0,0.0,0.0,0.0
0308,0.0,0.0,0.0,0.0,0.0,0.0,0.0,0.0,0.0,0.0,0.0,0.0,0.0,0.0,0.0,0.0,0.0,0.0,0.0,0.0,0.0,0.0,0.0,0.0,0.0
0309,0.0,0.0,0.0,0.0,0.0,0.0,0.0,0.0,0.0,0.0,0.0,0.0,0.0,0.0,0.0,0.0,0.0,0.0,0.0,0.0,0.0,0.0,0.0,0.0,0.0
0310,0.0,0.0,0.0,0.0,0.0,0.0,0.0,0.0,0.0,0.0,0.0,0.0,0.0,0.0,0.0,0.0,0.0,0.0,0.0,0.0,0.0,0.0,0.0,0.0,0.0
0311,0.0,0.0,0.0,0.0,0.0,0.0,0.0,0.0,0.0,0.3,0.3,0.0,0.0,0.1,0.0,0.0,0.0,0.0,0.0,0.0,0.0,0.0,0.0,0.0,0.7
0312,0.0,0.0,0.0,0.0,0.0,0.0,0.0,0.0,0.0,0.1,0.8,0.0,0.0,0.0,0.0,0.1,1.0,0.1,0.0,0.0,0.0,0.0,0.0,0.0,2.1
0313,0.0,0.0,0.0,0.0,0.0,0.0,0.0,0.0,0.0,0.0,0.0,0.0,0.0,0.0,0.0,0.0,0.0,0.0,0.0,0.0,0.0,0.0,0.0,0.0,0.0
0314,0.0,0.0,0.0,0.0,0.0,0.0,0.0,0.0,0.0,0.0,0.0,0.0,0.0,0.0,0.0,0.6,1.0,0.1,0.0,0.0,0.0,0.0,0.0,0.0,1.7
0315,0.0,0.0,0.0,0.0,0.0,0.0,0.0,0.0,0.0,0.1,0.8,0.7,0.1,0.0,0.0,0.0,0.0,0.0,0.0,0.0,0.0,0.0,0.0,0.0,1.7
0316,0.0,0.0,0.0,0.0,0.0,0.0,0.5,0.9,0.7,0.8,0.8,0.6,1.0,1.0,1.0,0.6,0.0,0.0,0.0,0.0,0.0,0.0,0.0,0.0,7.9
0317,0.0,0.0,0.0,0.0,0.0,0.0,0.0,0.0,0.6,1.0,1.0,1.0,0.7,0.2,0.0,0.0,0.1,0.0,0.0,0.0,0.0,0.0,0.0,0.0,4.6
0318,0.0,0.0,0.0,0.0,0.0,0.0,0.0,0.0,0.0,0.0,0.0,0.0,0.0,0.0,0.0,0.0,0.0,0.0,0.0,0.0,0.0,0.0,0.0,0.0,0.0
0319,0.0,0.0,0.0,0.0,0.0,0.0,0.0,0.0,0.0,0.0,0.0,0.0,0.0,0.0,0.0,0.0,0.0,0.0,0.0,0.0,0.0,0.0,0.0,0.0,0.0
0320,0.0,0.0,0.0,0.0,0.0,0.0,0.0,0.0,0.0,0.0,0.0,0.0,0.0,0.0,0.0,0.0,0.0,0.0,0.0,0.0,0.0,0.0,0.0,0.0,0.0
0321,0.0,0.0,0.0,0.0,0.0,0.0,0.0,0.7,1.0,1.0,1.0,0.8,0.4,0.4,0.0,0.0,0.0,0.0,0.0,0.0,0.0,0.0,0.0,0.0,5.3
0322,0.0,0.0,0.0,0.0,0.0,0.0,0.0,0.0,0.0,0.5,0.8,0.3,0.1,0.1,0.0,0.0,0.0,0.0,0.0,0.0,0.0,0.0,0.0,0.0,1.8
0323,0.0,0.0,0.0,0.0,0.0,0.0,0.3,0.9,0.9,1.0,1.0,0.9,1.0,0.8,0.0,0.0,0.0,0.0,0.0,0.0,0.0,0.0,0.0,0.0,6.8
0324,0.0,0.0,0.0,0.0,0.0,0.0,0.2,0.9,0.5,0.4,1.0,1.0,1.0,0.8,1.0,0.9,0.0,0.0,0.0,0.0,0.0,0.0,0.0,0.0,7.7
0325,0.0,0.0,0.0,0.0,0.0,0.0,0.0,0.1,0.1,0.9,0.7,1.0,1.0,1.0,0.6,0.0,0.0,0.0,0.0,0.0,0.0,0.0,0.0,0.0,5.4
0326,0.0,0.0,0.0,0.0,0.0,0.0,0.6,1.0,1.0,0.9,0.6,0.0,0.0,0.0,0.0,0.0,0.0,0.0,0.0,0.0,0.0,0.0,0.0,0.0,4.1
0327,0.0,0.0,0.0,0.0,0.0,0.0,0.0,0.0,0.0,0.0,0.0,0.0,0.1,0.0,0.0,0.0,0.0,0.0,0.0,0.0,0.0,0.0,0.0,0.0,0.1
0328,0.0,0.0,0.0,0.0,0.0,0.0,0.6,1.0,1.0,0.9,0.9,1.0,0.4,0.1,0.3,0.2,1.0,0.3,0.0,0.0,0.0,0.0,0.0,0.0,7.7
0329,0.0,0.0,0.0,0.0,0.0,0.0,0.0,0.0,0.0,0.0,0.0,0.0,0.0,0.0,0.0,0.0,0.0,0.0,0.0,0.0,0.0,0.0,0.0,0.0,0.0
0330,0.0,0.0,0.0,0.0,0.0,0.0,0.0,0.0,0.0,0.1,0.3,0.1,0.8,1.0,1.0,1.0,0.4,0.0,0.0,0.0,0.0,0.0,0.0,0.0,4.7
0331,0.0,0.0,0.0,0.0,0.0,0.0,0.5,0.1,0.6,0.7,0.5,0.6,0.3,0.4,0.0,0.2,0.1,0.0,0.0,0.0,0.0,0.0,0.0,0.0,4.0
0401,0.0,0.0,0.0,0.0,0.0,0.0,0.0,0.0,0.0,0.2,0.7,0.0,0.2,0.2,0.9,0.6,0.0,0.0,0.0,0.0,0.0,0.0,0.0,0.0,2.8
0402,0.0,0.0,0.0,0.0,0.0,0.0,0.3,0.9,1.0,1.0,1.0,1.0,1.0,0.8,0.3,1.0,0.5,0.1,0.0,0.0,0.0,0.0,0.0,0.0,8.9
0403,0.0,0.0,0.0,0.0,0.0,0.0,0.6,0.9,1.0,1.0,1.0,1.0,1.0,1.0,1.0,0.6,0.9,0.5,0.0,0.0,0.0,0.0,0.0,0.0,10.5
0404,0.0,0.0,0.0,0.0,0.0,0.0,0.1,0.2,0.8,1.0,1.0,1.0,1.0,1.0,1.0,0.3,0.1,0.0,0.0,0.0,0.0,0.0,0.0,0.0,7.5
0405,0.0,0.0,0.0,0.0,0.0,0.0,0.1,0.0,0.0,0.0,0.0,0.0,0.0,0.0,0.0,0.0,0.0,0.0,0.0,0.0,0.0,0.0,0.0,0.0,0.1
0406,0.0,0.0,0.0,0.0,0.0,0.0,0.0,0.0,0.0,0.0,0.6,0.0,0.0,0.0,0.0,0.0,0.0,0.0,0.0,0.0,0.0,0.0,0.0,0.0,0.6
0407,0.0,0.0,0.0,0.0,0.0,0.0,0.0,0.0,0.0,0.0,0.4,0.1,0.4,0.5,0.5,0.3,0.0,0.0,0.0,0.0,0.0,0.0,0.0,0.0,2.2
0408,0.0,0.0,0.0,0.0,0.0,0.0,0.0,0.2,0.8,0.3,0.4,0.4,0.5,0.9,0.0,0.0,0.1,0.0,0.0,0.0,0.0,0.0,0.0,0.0,3.6
0409,0.0,0.0,0.0,0.0,0.0,0.0,0.0,0.0,0.0,0.0,0.0,0.0,0.0,0.0,0.0,0.0,0.0,0.0,0.0,0.0,0.0,0.0,0.0,0.0,0.0
0410,0.0,0.0,0.0,0.0,0.0,0.0,0.0,0.0,0.0,0.0,0.0,0.0,0.0,0.0,0.0,0.0,0.0,0.0,0.0,0.0,0.0,0.0,0.0,0.0,0.0
0411,0.0,0.0,0.0,0.0,0.0,0.0,0.3,1.0,1.0,1.0,1.0,1.0,1.0,0.9,1.0,0.8,0.9,0.0,0.0,0.0,0.0,0.0,0.0,0.0,9.9
0412,0.0,0.0,0.0,0.0,0.0,0.0,0.6,1.0,1.0,1.0,1.0,1.0,1.0,0.4,0.2,0.4,0.4,0.0,0.0,0.0,0.0,0.0,0.0,0.0,8.0
0413,0.0,0.0,0.0,0.0,0.0,0.0,0.0,0.2,0.0,0.3,0.5,0.9,0.8,0.7,0.1,0.0,0.0,0.0,0.0,0.0,0.0,0.0,0.0,0.0,3.5
0414,0.0,0.0,0.0,0.0,0.0,0.0,0.7,1.0,1.0,1.0,1.0,0.9,0.6,0.6,0.4,0.5,0.6,0.1,0.0,0.0,0.0,0.0,0.0,0.0,8.4
0415,0.0,0.0,0.0,0.0,0.0,0.0,0.0,0.0,0.0,0.0,0.2,0.7,1.0,0.7,0.1,0.0,0.2,0.0,0.0,0.0,0.0,0.0,0.0,0.0,2.9
0416,0.0,0.0,0.0,0.0,0.0,0.0,0.0,0.0,0.0,0.0,0.1,0.3,0.9,1.0,1.0,0.9,0.3,0.0,0.0,0.0,0.0,0.0,0.0,0.0,4.5
0417,0.0,0.0,0.0,0.0,0.0,0.0,0.6,1.0,1.0,1.0,1.0,1.0,1.0,1.0,0.8,0.4,0.1,0.0,0.0,0.0,0.0,0.0,0.0,0.0,8.9
0418,0.0,0.0,0.0,0.0,0.0,0.0,0.0,0.1,0.0,0.1,0.0,0.0,0.0,0.0,0.0,0.0,0.0,0.0,0.0,0.0,0.0,0.0,0.0,0.0,0.2
0419,0.0,0.0,0.0,0.0,0.0,0.0,0.0,0.0,0.0,0.0,0.0,0.1,0.0,0.0,0.0,0.0,0.0,0.0,0.0,0.0,0.0,0.0,0.0,0.0,0.1
0420,0.0,0.0,0.0,0.0,0.0,0.0,0.7,1.0,1.0,1.0,1.0,1.0,1.0,0.8,0.4,0.8,0.9,0.0,0.0,0.0,0.0,0.0,0.0,0.0,9.6
0421,0.0,0.0,0.0,0.0,0.0,0.0,0.2,0.3,0.5,0.1,0.7,0.6,1.0,1.0,1.0,0.6,0.4,0.1,0.0,0.0,0.0,0.0,0.0,0.0,6.5
0422,0.0,0.0,0.0,0.0,0.0,0.0,0.4,1.0,0.7,1.0,0.8,0.8,0.7,0.3,0.1,0.0,0.0,0.0,0.0,0.0,0.0,0.0,0.0,0.0,5.8
0423,0.0,0.0,0.0,0.0,0.0,0.0,0.4,0.0,0.0,0.0,0.0,0.0,0.0,0.0,0.0,0.0,0.0,0.0,0.0,0.0,0.0,0.0,0.0,0.0,0.4
0424,0.0,0.0,0.0,0.0,0.0,0.0,0.0,0.0,0.0,0.0,0.0,0.0,0.0,0.0,0.0,0.0,0.0,0.0,0.0,0.0,0.0,0.0,0.0,0.0,0.0
0425,0.0,0.0,0.0,0.0,0.0,0.0,0.0,0.0,0.0,0.0,0.2,0.0,0.4,0.9,0.5,0.0,0.0,0.0,0.0,0.0,0.0,0.0,0.0,0.0,2.0
0426,0.0,0.0,0.0,0.0,0.0,0.0,0.4,1.0,0.4,0.0,0.0,0.0,0.0,0.0,0.0,0.0,0.0,0.0,0.0,0.0,0.0,0.0,0.0,0.0,1.8
0427,0.0,0.0,0.0,0.0,0.0,0.0,0.0,0.0,0.0,0.0,0.0,0.0,0.0,0.0,0.0,0.0,0.7,0.0,0.0,0.0,0.0,0.0,0.0,0.0,0.7
0428,0.0,0.0,0.0,0.0,0.0,0.0,0.0,0.0,0.0,0.0,0.3,0.3,0.0,0.0,0.0,0.4,0.2,0.4,0.0,0.0,0.0,0.0,0.0,0.0,1.6
0429,0.0,0.0,0.0,0.0,0.0,0.0,0.1,0.8,1.0,1.0,1.0,1.0,1.0,1.0,1.0,1.0,1.0,0.4,0.0,0.0,0.0,0.0,0.0,0.0,10.3
0430,0.0,0.0,0.0,0.0,0.0,0.0,0.8,1.0,1.0,1.0,1.0,1.0,1.0,1.0,0.8,0.2,0.0,0.0,0.0,0.0,0.0,0.0,0.0,0.0,8.8
0501,0.0,0.0,0.0,0.0,0.0,0.0,0.0,0.0,0.0,0.0,0.2,0.0,0.3,0.2,0.0,0.0,0.0,0.0,0.0,0.0,0.0,0.0,0.0,0.0,0.7
0502,0.0,0.0,0.0,0.0,0.0,0.0,0.0,0.0,0.0,0.0,0.0,0.0,0.0,0.0,0.0,0.0,0.0,0.0,0.0,0.0,0.0,0.0,0.0,0.0,0.0
0503,0.0,0.0,0.0,0.0,0.0,0.0,0.0,0.0,0.0,0.0,0.0,0.0,0.0,0.0,0.0,0.0,0.0,0.0,0.0,0.0,0.0,0.0,0.0,0.0,0.0
0504,0.0,0.0,0.0,0.0,0.0,0.0,0.2,1.0,1.0,1.0,1.0,1.0,1.0,1.0,1.0,0.2,0.0,0.0,0.0,0.0,0.0,0.0,0.0,0.0,8.4
0505,0.0,0.0,0.0,0.0,0.0,0.2,0.3,0.1,0.2,0.0,0.0,0.3,0.2,0.7,0.5,0.2,0.1,0.0,0.0,0.0,0.0,0.0,0.0,0.0,2.8
0506,0.0,0.0,0.0,0.0,0.0,0.0,0.3,0.9,0.7,1.0,1.0,0.8,0.8,0.9,0.9,0.1,0.2,0.0,0.0,0.0,0.0,0.0,0.0,0.0,7.6
0507,0.0,0.0,0.0,0.0,0.0,0.0,0.0,0.5,0.9,1.0,0.6,0.2,0.1,0.1,0.0,0.0,0.0,0.0,0.0,0.0,0.0,0.0,0.0,0.0,3.4
0508,0.0,0.0,0.0,0.0,0.0,0.0,0.0,0.0,0.0,0.0,0.0,0.0,0.0,0.0,0.0,0.0,0.0,0.0,0.0,0.0,0.0,0.0,0.0,0.0,0.0
0509,0.0,0.0,0.0,0.0,0.0,0.0,0.0,0.0,0.0,0.0,0.1,0.2,0.3,0.1,0.0,0.0,0.0,0.0,0.0,0.0,0.0,0.0,0.0,0.0,0.7
0510,0.0,0.0,0.0,0.0,0.0,0.0,0.0,0.0,0.0,0.5,0.1,1.0,1.0,0.5,0.0,0.0,0.0,0.0,0.0,0.0,0.0,0.0,0.0,0.0,3.1
0511,0.0,0.0,0.0,0.0,0.0,0.3,0.8,0.0,0.0,0.0,0.1,0.4,0.7,1.0,1.0,0.3,0.3,0.2,0.0,0.0,0.0,0.0,0.0,0.0,5.1
0512,0.0,0.0,0.0,0.0,0.0,0.0,0.0,0.0,0.1,0.4,0.1,0.7,1.0,0.6,0.0,0.0,0.0,0.0,0.0,0.0,0.0,0.0,0.0,0.0,2.9
0513,0.0,0.0,0.0,0.0,0.0,0.0,0.0,0.0,0.0,0.0,0.0,0.0,0.0,0.0,0.0,0.0,0.0,0.0,0.0,0.0,0.0,0.0,0.0,0.0,0.0
0514,0.0,0.0,0.0,0.0,0.0,0.0,0.0,0.0,0.0,0.0,0.0,0.0,0.0,0.0,0.0,0.0,0.0,0.0,0.0,0.0,0.0,0.0,0.0,0.0,0.0
0515,0.0,0.0,0.0,0.0,0.0,0.0,0.0,1.0,1.0,1.0,1.0,1.0,0.9,0.4,0.3,0.0,0.0,0.0,0.0,0.0,0.0,0.0,0.0,0.0,6.6
0516,0.0,0.0,0.0,0.0,0.0,0.3,0.9,0.7,1.0,1.0,1.0,0.9,0.5,0.4,0.1,0.0,0.0,0.0,0.0,0.0,0.0,0.0,0.0,0.0,6.8
0517,0.0,0.0,0.0,0.0,0.0,0.0,0.0,0.3,0.6,0.9,0.3,0.1,0.4,0.0,0.0,0.0,0.0,0.0,0.0,0.0,0.0,0.0,0.0,0.0,2.6
0518,0.0,0.0,0.0,0.0,0.0,0.3,0.8,0.1,0.7,0.9,1.0,0.7,0.8,0.2,0.0,0.0,0.0,0.0,0.0,0.0,0.0,0.0,0.0,0.0,5.5
0519,0.0,0.0,0.0,0.0,0.0,0.0,0.0,0.0,0.0,0.0,0.0,0.0,0.0,0.0,0.0,0.0,0.1,0.0,0.0,0.0,0.0,0.0,0.0,0.0,0.1
0520,0.0,0.0,0.0,0.0,0.0,0.0,0.0,0.0,0.0,0.3,0.0,0.0,0.0,0.0,0.0,0.0,0.0,0.0,0.0,0.0,0.0,0.0,0.0,0.0,0.3
0521,0.0,0.0,0.0,0.0,0.0,0.0,0.0,0.0,0.0,0.0,0.2,0.2,0.3,0.0,0.0,0.0,0.0,0.0,0.0,0.0,0.0,0.0,0.0,0.0,0.7
0522,0.0,0.0,0.0,0.0,0.0,0.0,0.0,0.3,0.9,0.1,0.2,0.9,0.9,0.5,0.0,0.0,0.0,0.0,0.0,0.0,0.0,0.0,0.0,0.0,3.8
0523,0.0,0.0,0.0,0.0,0.0,0.0,0.0,0.1,0.5,0.0,0.1,0.4,0.0,0.0,0.0,0.0,0.0,0.0,0.0,0.0,0.0,0.0,0.0,0.0,1.1
0524,0.0,0.0,0.0,0.0,0.0,0.0,0.0,0.0,0.0,0.0,0.0,0.0,0.0,0.0,0.0,0.0,0.0,0.0,0.0,0.0,0.0,0.0,0.0,0.0,0.0
0525,0.0,0.0,0.0,0.0,0.0,0.0,0.0,0.0,0.0,0.0,0.0,0.0,0.0,0.0,0.0,0.0,0.0,0.0,0.0,0.0,0.0,0.0,0.0,0.0,0.0
0526,0.0,0.0,0.0,0.0,0.0,0.0,0.0,0.0,0.0,0.3,0.1,0.0,0.0,0.0,0.0,0.0,0.0,0.0,0.0,0.0,0.0,0.0,0.0,0.0,0.4
0527,0.0,0.0,0.0,0.0,0.0,0.2,0.7,0.6,0.2,0.8,0.7,0.0,0.5,0.2,0.0,0.6,0.7,0.2,0.0,0.0,0.0,0.0,0.0,0.0,5.4
0528,0.0,0.0,0.0,0.0,0.0,0.0,0.0,0.0,0.0,0.0,0.0,0.0,0.0,0.0,0.0,0.0,0.0,0.0,0.0,0.0,0.0,0.0,0.0,0.0,0.0
0529,0.0,0.0,0.0,0.0,0.0,0.0,0.2,0.0,0.2,1.0,0.2,0.4,0.8,1.0,0.3,0.0,0.0,0.0,0.0,0.0,0.0,0.0,0.0,0.0,4.1
0530,0.0,0.0,0.0,0.0,0.0,0.0,0.0,0.0,1.0,0.2,0.1,0.4,0.9,0.5,0.0,0.0,0.0,0.0,0.0,0.0,0.0,0.0,0.0,0.0,3.1
0531,0.0,0.0,0.0,0.0,0.0,0.3,1.0,1.0,0.9,1.0,1.0,1.0,1.0,0.8,0.3,0.1,0.0,0.0,0.0,0.0,0.0,0.0,0.0,0.0,8.4
0601,0.0,0.0,0.0,0.0,0.0,0.0,0.0,0.1,0.3,0.0,0.0,0.1,0.0,0.0,0.0,0.0,0.0,0.0,0.0,0.0,0.0,0.0,0.0,0.0,0.5
0602,0.0,0.0,0.0,0.0,0.0,0.0,0.0,0.0,0.0,0.0,0.0,0.0,0.0,0.0,0.0,0.0,0.0,0.0,0.0,0.0,0.0,0.0,0.0,0.0,0.0
0603,0.0,0.0,0.0,0.0,0.0,0.0,0.0,0.0,0.0,0.0,0.0,0.0,0.0,0.0,0.0,0.0,0.0,0.0,0.0,0.0,0.0,0.0,0.0,0.0,0.0
0604,0.0,0.0,0.0,0.0,0.0,0.0,0.0,0.0,0.4,0.5,0.2,0.1,0.0,0.0,0.2,0.0,0.0,0.0,0.0,0.0,0.0,0.0,0.0,0.0,1.4
0605,0.0,0.0,0.0,0.0,0.0,0.0,0.0,0.0,0.0,0.2,0.9,0.4,0.1,0.0,0.0,0.0,0.0,0.0,0.0,0.0,0.0,0.0,0.0,0.0,1.6
0606,0.0,0.0,0.0,0.0,0.0,0.0,0.0,0.0,0.1,0.2,0.0,0.0,0.1,0.0,0.0,0.0,0.0,0.0,0.0,0.0,0.0,0.0,0.0,0.0,0.4
0607,0.0,0.0,0.0,0.0,0.0,0.0,0.0,0.0,0.0,0.3,0.7,0.9,0.9,0.3,0.0,0.0,0.0,0.0,0.0,0.0,0.0,0.0,0.0,0.0,3.1
0608,0.0,0.0,0.0,0.0,0.0,0.5,0.1,0.4,0.4,0.8,0.5,0.4,0.4,0.8,0.5,0.3,0.4,0.0,0.0,0.0,0.0,0.0,0.0,0.0,5.5
0609,0.0,0.0,0.0,0.0,0.0,0.0,0.4,1.0,1.0,0.6,0.1,0.2,0.0,0.0,0.0,0.0,0.0,0.0,0.0,0.0,0.0,0.0,0.0,0.0,3.3
0610,0.0,0.0,0.0,0.0,0.0,0.1,0.0,0.0,0.1,0.1,0.5,0.6,0.9,0.6,0.0,0.3,0.0,0.0,0.0,0.0,0.0,0.0,0.0,0.0,3.2
0611,0.0,0.0,0.0,0.0,0.0,0.1,0.0,0.0,0.1,0.0,0.2,0.2,0.0,0.1,0.0,0.3,0.2,0.1,0.0,0.0,0.0,0.0,0.0,0.0,1.3
0612,0.0,0.0,0.0,0.0,0.0,0.0,0.0,0.0,0.2,0.0,0.6,0.5,0.6,0.3,0.2,0.0,0.1,0.1,0.0,0.0,0.0,0.0,0.0,0.0,2.6
0613,0.0,0.0,0.0,0.0,0.0,0.1,0.2,0.0,0.0,0.0,0.1,0.4,1.0,1.0,0.1,0.0,0.2,0.2,0.0,0.0,0.0,0.0,0.0,0.0,3.3
0614,0.0,0.0,0.0,0.0,0.0,0.0,0.0,0.0,0.0,0.0,0.0,0.1,0.4,0.2,0.0,0.0,0.0,0.0,0.0,0.0,0.0,0.0,0.0,0.0,0.7
0615,0.0,0.0,0.0,0.0,0.0,0.1,0.9,1.0,1.0,0.4,0.7,1.0,1.0,1.0,1.0,1.0,1.0,0.3,0.0,0.0,0.0,0.0,0.0,0.0,10.4
0616,0.0,0.0,0.0,0.0,0.0,0.3,0.0,0.7,0.0,0.9,1.0,0.7,0.0,0.8,0.8,0.4,0.0,0.0,0.0,0.0,0.0,0.0,0.0,0.0,5.6
0617,0.0,0.0,0.0,0.0,0.0,0.0,0.0,0.0,0.0,0.0,0.0,0.0,0.2,0.3,0.0,0.0,0.0,0.0,0.0,0.0,0.0,0.0,0.0,0.0,0.5
0618,0.0,0.0,0.0,0.0,0.0,0.0,0.0,0.0,0.0,0.0,0.1,0.5,0.1,0.6,0.3,0.3,0.0,0.0,0.0,0.0,0.0,0.0,0.0,0.0,1.9
0619,0.0,0.0,0.0,0.0,0.0,0.0,0.2,1.0,0.4,0.7,1.0,1.0,1.0,1.0,0.7,0.1,0.0,0.0,0.0,0.0,0.0,0.0,0.0,0.0,7.1
0620,0.0,0.0,0.0,0.0,0.0,0.1,0.7,1.0,0.8,0.7,1.0,1.0,1.0,1.0,0.6,0.0,0.0,0.0,0.0,0.0,0.0,0.0,0.0,0.0,7.9
0621,0.0,0.0,0.0,0.0,0.0,0.0,0.3,1.0,1.0,1.0,1.0,1.0,0.9,1.0,1.0,0.0,0.0,0.0,0.0,0.0,0.0,0.0,0.0,0.0,8.2
0622,0.0,0.0,0.0,0.0,0.0,0.7,1.0,1.0,1.0,1.0,1.0,1.0,1.0,1.0,0.9,0.8,0.3,0.1,0.0,0.0,0.0,0.0,0.0,0.0,10.8
0623,0.0,0.0,0.0,0.0,0.0,0.5,1.0,1.0,1.0,1.0,1.0,1.0,0.9,1.0,1.0,1.0,0.2,0.0,0.0,0.0,0.0,0.0,0.0,0.0,10.6
0624,0.0,0.0,0.0,0.0,0.0,0.4,1.0,0.9,1.0,1.0,1.0,1.0,1.0,1.0,0.9,1.0,0.6,0.0,0.0,0.0,0.0,0.0,0.0,0.0,10.8
0625,0.0,0.0,0.0,0.0,0.0,0.6,1.0,1.0,1.0,1.0,1.0,1.0,1.0,1.0,1.0,1.0,0.9,0.0,0.0,0.0,0.0,0.0,0.0,0.0,11.5
0626,0.0,0.0,0.0,0.0,0.0,0.4,1.0,0.9,1.0,1.0,1.0,1.0,1.0,1.0,1.0,0.2,0.3,0.0,0.0,0.0,0.0,0.0,0.0,0.0,9.8
0627,0.0,0.0,0.0,0.0,0.0,0.2,0.9,1.0,1.0,1.0,1.0,1.0,1.0,1.0,0.7,0.1,0.7,0.0,0.0,0.0,0.0,0.0,0.0,0.0,9.6
0628,0.0,0.0,0.0,0.0,0.0,0.2,0.8,1.0,1.0,1.0,1.0,1.0,1.0,1.0,0.8,0.1,0.0,0.0,0.0,0.0,0.0,0.0,0.0,0.0,8.9
0629,0.0,0.0,0.0,0.0,0.0,0.4,0.6,1.0,1.0,1.0,1.0,1.0,1.0,0.5,0.0,0.0,0.0,0.0,0.0,0.0,0.0,0.0,0.0,0.0,7.5
0630,0.0,0.0,0.0,0.0,0.0,0.0,0.9,1.0,1.0,1.0,1.0,1.0,1.0,0.9,1.0,1.0,1.0,0.9,0.0,0.0,0.0,0.0,0.0,0.0,11.7
0701,0.0,0.0,0.0,0.0,0.0,0.2,0.6,0.2,0.7,1.0,1.0,1.0,1.0,1.0,1.0,1.0,0.1,0.0,0.0,0.0,0.0,0.0,0.0,0.0,8.8
0702,0.0,0.0,0.0,0.0,0.0,0.4,1.0,1.0,1.0,1.0,1.0,1.0,1.0,1.0,1.0,0.3,0.1,0.0,0.0,0.0,0.0,0.0,0.0,0.0,9.8
0703,0.0,0.0,0.0,0.0,0.0,0.5,0.9,1.0,1.0,1.0,0.7,1.0,1.0,1.0,1.0,1.0,1.0,0.8,0.0,0.0,0.0,0.0,0.0,0.0,11.9
0704,0.0,0.0,0.0,0.0,0.0,0.6,1.0,1.0,1.0,1.0,1.0,1.0,1.0,1.0,1.0,0.9,1.0,0.2,0.0,0.0,0.0,0.0,0.0,0.0,11.7
0705,0.0,0.0,0.0,0.0,0.0,0.5,1.0,1.0,1.0,1.0,1.0,1.0,1.0,1.0,1.0,1.0,0.4,0.0,0.0,0.0,0.0,0.0,0.0,0.0,10.9
0706,0.0,0.0,0.0,0.0,0.0,0.6,1.0,1.0,1.0,1.0,1.0,1.0,1.0,1.0,1.0,0.9,1.0,0.4,0.0,0.0,0.0,0.0,0.0,0.0,11.9
0707,0.0,0.0,0.0,0.0,0.0,0.5,1.0,1.0,1.0,1.0,1.0,1.0,1.0,1.0,1.0,1.0,1.0,0.2,0.0,0.0,0.0,0.0,0.0,0.0,11.7
0708,0.0,0.0,0.0,0.0,0.0,0.5,0.7,1.0,1.0,1.0,1.0,1.0,1.0,1.0,1.0,0.9,0.1,0.0,0.0,0.0,0.0,0.0,0.0,0.0,10.2
0709,0.0,0.0,0.0,0.0,0.0,0.0,0.6,1.0,1.0,1.0,1.0,1.0,1.0,1.0,1.0,0.6,1.0,0.6,0.0,0.0,0.0,0.0,0.0,0.0,10.8
0710,0.0,0.0,0.0,0.0,0.0,0.6,1.0,1.0,1.0,1.0,1.0,1.0,1.0,1.0,1.0,0.9,0.1,0.0,0.0,0.0,0.0,0.0,0.0,0.0,10.6
0711,0.0,0.0,0.0,0.0,0.0,0.3,0.9,1.0,1.0,1.0,1.0,1.0,1.0,1.0,0.8,0.7,0.0,0.0,0.0,0.0,0.0,0.0,0.0,0.0,9.7
0712,0.0,0.0,0.0,0.0,0.0,0.0,1.0,1.0,1.0,1.0,1.0,1.0,1.0,1.0,1.0,0.9,0.8,0.1,0.0,0.0,0.0,0.0,0.0,0.0,10.8
0713,0.0,0.0,0.0,0.0,0.0,0.2,0.5,0.3,0.6,1.0,1.0,1.0,1.0,1.0,0.3,0.6,0.4,0.0,0.0,0.0,0.0,0.0,0.0,0.0,7.9
0714,0.0,0.0,0.0,0.0,0.0,0.4,1.0,1.0,1.0,1.0,1.0,1.0,1.0,1.0,1.0,1.0,0.2,0.6,0.0,0.0,0.0,0.0,0.0,0.0,11.2
0715,0.0,0.0,0.0,0.0,0.0,0.0,0.9,1.0,1.0,1.0,1.0,1.0,1.0,1.0,1.0,1.0,0.7,0.1,0.0,0.0,0.0,0.0,0.0,0.0,10.7
0716,0.0,0.0,0.0,0.0,0.0,0.4,1.0,1.0,1.0,1.0,1.0,1.0,1.0,1.0,1.0,0.8,0.7,0.0,0.0,0.0,0.0,0.0,0.0,0.0,10.9
0717,0.0,0.0,0.0,0.0,0.0,0.5,0.7,1.0,1.0,1.0,1.0,1.0,1.0,1.0,1.0,0.7,0.7,0.4,0.0,0.0,0.0,0.0,0.0,0.0,11.0
0718,0.0,0.0,0.0,0.0,0.0,0.5,1.0,1.0,1.0,1.0,1.0,1.0,1.0,1.0,1.0,1.0,1.0,0.4,0.0,0.0,0.0,0.0,0.0,0.0,11.9
0719,0.0,0.0,0.0,0.0,0.0,0.5,1.0,1.0,1.0,1.0,1.0,1.0,1.0,1.0,1.0,0.8,0.9,0.1,0.0,0.0,0.0,0.0,0.0,0.0,11.3
0720,0.0,0.0,0.0,0.0,0.0,0.5,1.0,1.0,1.0,1.0,1.0,1.0,1.0,1.0,0.8,0.8,0.4,0.2,0.0,0.0,0.0,0.0,0.0,0.0,10.7
0721,0.0,0.0,0.0,0.0,0.0,0.0,0.5,0.6,1.0,1.0,1.0,1.0,1.0,1.0,1.0,1.0,0.3,0.0,0.0,0.0,0.0,0.0,0.0,0.0,9.4
0722,0.0,0.0,0.0,0.0,0.0,0.3,1.0,1.0,1.0,1.0,1.0,1.0,1.0,1.0,1.0,1.0,1.0,1.0,0.0,0.0,0.0,0.0,0.0,0.0,12.3
0723,0.0,0.0,0.0,0.0,0.0,0.0,0.2,1.0,0.8,0.4,0.0,0.0,0.0,0.6,0.1,0.0,0.0,0.0,0.0,0.0,0.0,0.0,0.0,0.0,3.1
0724,0.0,0.0,0.0,0.0,0.0,0.0,0.0,0.0,0.0,0.1,0.0,0.0,0.0,0.0,0.0,0.0,0.0,0.0,0.0,0.0,0.0,0.0,0.0,0.0,0.1
0725,0.0,0.0,0.0,0.0,0.0,0.0,0.0,0.0,0.0,0.0,0.0,0.0,0.0,0.0,0.0,0.0,0.0,0.0,0.0,0.0,0.0,0.0,0.0,0.0,0.0
0726,0.0,0.0,0.0,0.0,0.0,0.0,0.0,0.0,0.0,0.0,0.0,0.0,0.0,0.0,0.0,0.0,0.0,0.0,0.0,0.0,0.0,0.0,0.0,0.0,0.0
0727,0.0,0.0,0.0,0.0,0.0,0.0,0.0,0.0,0.0,0.0,0.0,0.0,0.0,0.0,0.0,0.0,0.0,0.0,0.0,0.0,0.0,0.0,0.0,0.0,0.0
0728,0.0,0.0,0.0,0.0,0.0,0.0,0.2,1.0,0.9,0.9,1.0,1.0,1.0,1.0,1.0,1.0,1.0,1.0,0.0,0.0,0.0,0.0,0.0,0.0,11.0
0729,0.0,0.0,0.0,0.0,0.0,0.1,0.6,1.0,0.2,0.0,0.0,0.3,0.6,0.2,0.0,0.0,0.0,0.0,0.0,0.0,0.0,0.0,0.0,0.0,3.0
0730,0.0,0.0,0.0,0.0,0.0,0.3,1.0,1.0,1.0,1.0,1.0,1.0,1.0,1.0,1.0,0.6,0.6,0.3,0.0,0.0,0.0,0.0,0.0,0.0,10.8
0731,0.0,0.0,0.0,0.0,0.0,0.4,1.0,1.0,1.0,1.0,1.0,1.0,1.0,1.0,1.0,0.7,0.5,0.3,0.0,0.0,0.0,0.0,0.0,0.0,10.9
0801,0.0,0.0,0.0,0.0,0.0,0.3,1.0,1.0,1.0,1.0,1.0,1.0,1.0,1.0,1.0,0.9,0.4,0.1,0.0,0.0,0.0,0.0,0.0,0.0,10.7
0802,0.0,0.0,0.0,0.0,0.0,0.2,1.0,1.0,1.0,1.0,1.0,1.0,1.0,1.0,1.0,1.0,0.4,0.0,0.0,0.0,0.0,0.0,0.0,0.0,10.6
0803,0.0,0.0,0.0,0.0,0.0,0.4,1.0,1.0,1.0,1.0,1.0,1.0,1.0,1.0,1.0,1.0,0.7,0.1,0.0,0.0,0.0,0.0,0.0,0.0,11.2
0804,0.0,0.0,0.0,0.0,0.0,0.3,1.0,1.0,1.0,1.0,1.0,1.0,1.0,1.0,1.0,0.3,0.2,0.0,0.0,0.0,0.0,0.0,0.0,0.0,9.8
0805,0.0,0.0,0.0,0.0,0.0,0.2,1.0,1.0,1.0,1.0,1.0,1.0,1.0,1.0,1.0,0.4,0.0,0.0,0.0,0.0,0.0,0.0,0.0,0.0,9.6
0806,0.0,0.0,0.0,0.0,0.0,0.0,0.6,0.3,0.6,0.1,0.2,0.3,0.8,0.9,0.1,0.2,0.4,0.2,0.0,0.0,0.0,0.0,0.0,0.0,4.7
0807,0.0,0.0,0.0,0.0,0.0,0.0,0.9,1.0,1.0,1.0,1.0,1.0,1.0,0.6,0.4,0.6,0.0,0.0,0.0,0.0,0.0,0.0,0.0,0.0,8.5
0808,0.0,0.0,0.0,0.0,0.0,0.0,0.8,1.0,1.0,1.0,1.0,1.0,1.0,0.3,0.0,0.0,0.1,0.0,0.0,0.0,0.0,0.0,0.0,0.0,7.2
0809,0.0,0.0,0.0,0.0,0.0,0.1,1.0,1.0,1.0,1.0,1.0,1.0,0.9,0.7,0.0,0.0,0.0,0.0,0.0,0.0,0.0,0.0,0.0,0.0,7.7
0810,0.0,0.0,0.0,0.0,0.0,0.0,0.8,0.3,1.0,1.0,0.8,1.0,0.9,0.2,0.0,0.0,0.0,0.0,0.0,0.0,0.0,0.0,0.0,0.0,6.0
0811,0.0,0.0,0.0,0.0,0.0,0.0,0.9,1.0,1.0,0.8,0.7,0.7,1.0,1.0,1.0,0.3,0.2,0.0,0.0,0.0,0.0,0.0,0.0,0.0,8.6
0812,0.0,0.0,0.0,0.0,0.0,0.1,1.0,1.0,1.0,1.0,1.0,1.0,1.0,0.9,0.2,0.5,0.0,0.0,0.0,0.0,0.0,0.0,0.0,0.0,8.7
0813,0.0,0.0,0.0,0.0,0.0,0.0,0.8,0.9,1.0,1.0,1.0,1.0,1.0,0.5,0.1,0.0,0.0,0.0,0.0,0.0,0.0,0.0,0.0,0.0,7.3
0814,0.0,0.0,0.0,0.0,0.0,0.0,0.1,0.6,1.0,1.0,1.0,1.0,0.8,0.4,0.1,0.0,0.0,0.0,0.0,0.0,0.0,0.0,0.0,0.0,6.0
0815,0.0,0.0,0.0,0.0,0.0,0.0,0.2,0.9,0.9,0.9,1.0,0.8,0.3,0.0,0.0,0.0,0.0,0.0,0.0,0.0,0.0,0.0,0.0,0.0,5.0
0816,0.0,0.0,0.0,0.0,0.0,0.0,0.5,0.5,0.6,1.0,0.6,1.0,0.9,0.5,0.0,0.0,0.0,0.0,0.0,0.0,0.0,0.0,0.0,0.0,5.6
0817,0.0,0.0,0.0,0.0,0.0,0.1,0.5,0.6,1.0,0.9,1.0,0.6,0.4,0.0,0.0,0.0,0.0,0.0,0.0,0.0,0.0,0.0,0.0,0.0,5.1
0818,0.0,0.0,0.0,0.0,0.0,0.1,0.3,0.0,0.0,0.3,0.7,0.8,0.8,0.1,0.0,0.0,0.0,0.0,0.0,0.0,0.0,0.0,0.0,0.0,3.1
0819,0.0,0.0,0.0,0.0,0.0,0.0,0.0,0.8,0.4,0.8,0.3,0.0,0.0,0.0,0.0,0.0,0.0,0.0,0.0,0.0,0.0,0.0,0.0,0.0,2.3
0820,0.0,0.0,0.0,0.0,0.0,0.0,0.0,0.0,0.8,1.0,1.0,1.0,1.0,0.9,0.4,0.0,0.0,0.1,0.0,0.0,0.0,0.0,0.0,0.0,6.2
0821,0.0,0.0,0.0,0.0,0.0,0.1,1.0,1.0,1.0,1.0,1.0,1.0,1.0,1.0,0.8,0.6,0.8,0.1,0.0,0.0,0.0,0.0,0.0,0.0,10.4
0822,0.0,0.0,0.0,0.0,0.0,0.0,0.3,1.0,1.0,1.0,1.0,1.0,1.0,1.0,1.0,1.0,1.0,0.6,0.0,0.0,0.0,0.0,0.0,0.0,10.9
0823,0.0,0.0,0.0,0.0,0.0,0.0,1.0,1.0,1.0,1.0,1.0,1.0,1.0,0.8,0.7,0.6,0.3,0.1,0.0,0.0,0.0,0.0,0.0,0.0,9.5
0824,0.0,0.0,0.0,0.0,0.0,0.0,0.6,1.0,1.0,1.0,1.0,1.0,1.0,1.0,1.0,0.5,0.0,0.0,0.0,0.0,0.0,0.0,0.0,0.0,9.1
0825,0.0,0.0,0.0,0.0,0.0,0.0,0.5,0.9,1.0,1.0,1.0,0.4,0.8,1.0,0.8,0.1,0.0,0.0,0.0,0.0,0.0,0.0,0.0,0.0,7.5
0826,0.0,0.0,0.0,0.0,0.0,0.0,0.5,1.0,1.0,1.0,1.0,1.0,1.0,1.0,1.0,1.0,0.9,0.0,0.0,0.0,0.0,0.0,0.0,0.0,10.4
0827,0.0,0.0,0.0,0.0,0.0,0.0,1.0,1.0,1.0,1.0,1.0,1.0,1.0,1.0,1.0,0.9,0.3,0.0,0.0,0.0,0.0,0.0,0.0,0.0,10.2
0828,0.0,0.0,0.0,0.0,0.0,0.0,0.9,1.0,1.0,1.0,1.0,1.0,0.9,1.0,1.0,1.0,0.7,0.0,0.0,0.0,0.0,0.0,0.0,0.0,10.5
0829,0.0,0.0,0.0,0.0,0.0,0.0,1.0,1.0,1.0,1.0,1.0,1.0,1.0,1.0,1.0,1.0,0.7,0.0,0.0,0.0,0.0,0.0,0.0,0.0,10.7
0830,0.0,0.0,0.0,0.0,0.0,0.0,1.0,1.0,1.0,1.0,1.0,1.0,1.0,1.0,1.0,0.7,0.6,0.0,0.0,0.0,0.0,0.0,0.0,0.0,10.3
0831,0.0,0.0,0.0,0.0,0.0,0.0,1.0,1.0,1.0,1.0,1.0,1.0,1.0,1.0,1.0,0.9,0.8,0.0,0.0,0.0,0.0,0.0,0.0,0.0,10.7
0901,0.0,0.0,0.0,0.0,0.0,0.0,1.0,1.0,1.0,1.0,1.0,1.0,1.0,1.0,1.0,1.0,1.0,0.5,0.0,0.0,0.0,0.0,0.0,0.0,11.5
0902,0.0,0.0,0.0,0.0,0.0,0.0,0.8,1.0,1.0,1.0,1.0,1.0,1.0,1.0,1.0,0.9,0.1,0.0,0.0,0.0,0.0,0.0,0.0,0.0,9.8
0903,0.0,0.0,0.0,0.0,0.0,0.0,0.7,1.0,1.0,1.0,1.0,1.0,0.7,0.9,0.5,0.3,0.8,0.0,0.0,0.0,0.0,0.0,0.0,0.0,8.9
0904,0.0,0.0,0.0,0.0,0.0,0.0,1.0,1.0,0.7,1.0,0.6,1.0,0.9,0.1,0.1,0.4,0.9,0.2,0.0,0.0,0.0,0.0,0.0,0.0,7.9
0905,0.0,0.0,0.0,0.0,0.0,0.0,0.0,0.8,0.4,0.6,0.9,0.6,0.4,0.5,0.0,0.0,0.1,0.0,0.0,0.0,0.0,0.0,0.0,0.0,4.3
0906,0.0,0.0,0.0,0.0,0.0,0.0,1.0,1.0,1.0,1.0,1.0,1.0,1.0,1.0,1.0,0.9,1.0,0.1,0.0,0.0,0.0,0.0,0.0,0.0,11.0
0907,0.0,0.0,0.0,0.0,0.0,0.0,0.9,1.0,1.0,1.0,1.0,1.0,0.6,0.9,0.5,0.0,0.0,0.0,0.0,0.0,0.0,0.0,0.0,0.0,7.9
0908,0.0,0.0,0.0,0.0,0.0,0.0,0.9,0.7,0.5,1.0,1.0,0.2,0.9,0.4,0.0,0.0,0.0,0.0,0.0,0.0,0.0,0.0,0.0,0.0,5.6
0909,0.0,0.0,0.0,0.0,0.0,0.0,0.9,1.0,1.0,1.0,1.0,1.0,1.0,1.0,1.0,1.0,1.0,0.1,0.0,0.0,0.0,0.0,0.0,0.0,11.0
0910,0.0,0.0,0.0,0.0,0.0,0.0,1.0,1.0,1.0,1.0,1.0,1.0,1.0,1.0,0.8,0.6,0.2,0.0,0.0,0.0,0.0,0.0,0.0,0.0,9.6
0911,0.0,0.0,0.0,0.0,0.0,0.0,0.9,1.0,1.0,1.0,1.0,1.0,1.0,1.0,1.0,1.0,0.6,0.0,0.0,0.0,0.0,0.0,0.0,0.0,10.5
0912,0.0,0.0,0.0,0.0,0.0,0.0,0.0,0.0,0.0,0.0,0.1,0.7,0.9,1.0,0.7,0.9,0.3,0.0,0.0,0.0,0.0,0.0,0.0,0.0,4.6
0913,0.0,0.0,0.0,0.0,0.0,0.0,1.0,1.0,1.0,1.0,1.0,1.0,0.9,0.7,1.0,0.6,0.3,0.0,0.0,0.0,0.0,0.0,0.0,0.0,9.5
0914,0.0,0.0,0.0,0.0,0.0,0.0,0.2,0.5,1.0,1.0,1.0,1.0,1.0,0.9,0.4,0.1,0.0,0.0,0.0,0.0,0.0,0.0,0.0,0.0,7.1
0915,0.0,0.0,0.0,0.0,0.0,0.0,0.6,1.0,1.0,1.0,1.0,1.0,1.0,1.0,1.0,1.0,0.7,0.3,0.0,0.0,0.0,0.0,0.0,0.0,10.6
0916,0.0,0.0,0.0,0.0,0.0,0.0,0.9,1.0,0.8,0.9,1.0,1.0,0.7,0.2,0.8,0.1,0.0,0.0,0.0,0.0,0.0,0.0,0.0,0.0,7.4
0917,0.0,0.0,0.0,0.0,0.0,0.0,1.0,1.0,1.0,1.0,1.0,0.7,0.8,0.9,1.0,1.0,0.9,0.4,0.0,0.0,0.0,0.0,0.0,0.0,10.7
0918,0.0,0.0,0.0,0.0,0.0,0.0,0.0,0.0,0.0,0.0,0.0,0.0,0.0,0.0,0.0,0.0,0.0,0.0,0.0,0.0,0.0,0.0,0.0,0.0,0.0
0919,0.0,0.0,0.0,0.0,0.0,0.1,0.7,0.7,1.0,1.0,1.0,1.0,1.0,1.0,0.9,0.4,0.4,0.0,0.0,0.0,0.0,0.0,0.0,0.0,9.2
0920,0.0,0.0,0.0,0.0,0.0,0.0,0.9,1.0,1.0,1.0,1.0,1.0,1.0,1.0,1.0,1.0,0.7,0.2,0.0,0.0,0.0,0.0,0.0,0.0,10.8
0921,0.0,0.0,0.0,0.0,0.0,0.0,0.0,0.0,0.0,0.6,0.9,1.0,0.9,0.5,0.3,0.0,0.0,0.0,0.0,0.0,0.0,0.0,0.0,0.0,4.2
0922,0.0,0.0,0.0,0.0,0.0,0.0,0.0,0.1,0.6,0.1,0.2,0.4,0.1,0.2,0.0,0.0,0.0,0.0,0.0,0.0,0.0,0.0,0.0,0.0,1.7
0923,0.0,0.0,0.0,0.0,0.0,0.0,0.0,0.0,0.3,0.0,0.5,0.6,0.1,0.0,0.0,0.0,0.0,0.0,0.0,0.0,0.0,0.0,0.0,0.0,1.5
0924,0.0,0.0,0.0,0.0,0.0,0.0,0.6,0.2,0.9,1.0,1.0,1.0,0.7,0.7,0.0,0.0,0.0,0.0,0.0,0.0,0.0,0.0,0.0,0.0,6.1
0925,0.0,0.0,0.0,0.0,0.0,0.0,0.2,0.0,0.1,0.9,0.7,0.9,0.9,0.7,0.2,0.0,0.0,0.0,0.0,0.0,0.0,0.0,0.0,0.0,4.6
0926,0.0,0.0,0.0,0.0,0.0,0.0,0.0,0.0,0.0,0.0,0.0,0.1,0.0,0.0,0.1,0.0,0.0,0.0,0.0,0.0,0.0,0.0,0.0,0.0,0.2
0927,0.0,0.0,0.0,0.0,0.0,0.0,0.0,0.3,0.9,0.7,1.0,1.0,0.8,0.2,0.0,0.0,0.0,0.0,0.0,0.0,0.0,0.0,0.0,0.0,4.9
0928,0.0,0.0,0.0,0.0,0.0,0.0,0.0,0.0,0.5,0.8,1.0,0.8,0.8,0.8,0.5,0.2,0.0,0.0,0.0,0.0,0.0,0.0,0.0,0.0,5.4
0929,0.0,0.0,0.0,0.0,0.0,0.0,0.0,0.0,0.0,0.0,0.0,0.0,0.0,0.0,0.0,0.0,0.1,0.0,0.0,0.0,0.0,0.0,0.0,0.0,0.1
0930,0.0,0.0,0.0,0.0,0.0,0.0,0.0,0.0,0.0,0.0,0.0,0.0,0.1,0.2,0.0,0.0,0.0,0.0,0.0,0.0,0.0,0.0,0.0,0.0,0.3
1001,0.0,0.0,0.0,0.0,0.0,0.0,0.1,0.0,0.4,0.5,0.1,0.3,0.0,0.0,0.0,0.0,0.0,0.0,0.0,0.0,0.0,0.0,0.0,0.0,1.4
1002,0.0,0.0,0.0,0.0,0.0,0.0,0.2,0.0,0.0,0.0,0.0,0.0,0.0,0.0,0.0,0.0,0.0,0.0,0.0,0.0,0.0,0.0,0.0,0.0,0.2
1003,0.0,0.0,0.0,0.0,0.0,0.0,0.0,0.0,0.0,0.0,0.0,0.0,0.0,0.0,0.0,0.0,0.0,0.0,0.0,0.0,0.0,0.0,0.0,0.0,0.0
1004,0.0,0.0,0.0,0.0,0.0,0.0,0.0,0.1,0.8,0.2,0.0,0.5,0.4,0.0,0.0,0.0,0.0,0.0,0.0,0.0,0.0,0.0,0.0,0.0,2.0
1005,0.0,0.0,0.0,0.0,0.0,0.0,0.0,0.0,0.0,0.2,0.0,0.2,0.2,0.8,1.0,0.8,0.6,0.0,0.0,0.0,0.0,0.0,0.0,0.0,3.8
1006,0.0,0.0,0.0,0.0,0.0,0.0,0.7,1.0,0.9,0.7,1.0,1.0,1.0,1.0,1.0,0.1,0.0,0.0,0.0,0.0,0.0,0.0,0.0,0.0,8.4
1007,0.0,0.0,0.0,0.0,0.0,0.0,0.9,1.0,1.0,1.0,1.0,1.0,1.0,0.3,0.7,0.2,0.0,0.0,0.0,0.0,0.0,0.0,0.0,0.0,8.1
1008,0.0,0.0,0.0,0.0,0.0,0.0,0.7,1.0,1.0,1.0,0.9,0.5,0.0,0.0,0.0,0.0,0.0,0.0,0.0,0.0,0.0,0.0,0.0,0.0,5.1
1009,0.0,0.0,0.0,0.0,0.0,0.0,0.0,0.5,1.0,0.6,0.3,0.0,0.0,0.0,0.0,0.0,0.0,0.0,0.0,0.0,0.0,0.0,0.0,0.0,2.4
1010,0.0,0.0,0.0,0.0,0.0,0.0,0.0,0.0,0.0,0.0,0.1,0.0,0.0,0.0,0.0,0.0,0.0,0.0,0.0,0.0,0.0,0.0,0.0,0.0,0.1
1011,0.0,0.0,0.0,0.0,0.0,0.0,0.0,0.0,0.2,0.1,0.0,0.0,0.0,0.0,0.0,0.0,0.0,0.0,0.0,0.0,0.0,0.0,0.0,0.0,0.3
1012,0.0,0.0,0.0,0.0,0.0,0.0,0.1,0.0,0.0,0.0,0.2,1.0,1.0,0.0,0.0,0.0,0.0,0.0,0.0,0.0,0.0,0.0,0.0,0.0,2.3
1013,0.0,0.0,0.0,0.0,0.0,0.0,0.4,0.0,0.7,1.0,1.0,1.0,0.7,0.3,0.6,0.8,0.0,0.0,0.0,0.0,0.0,0.0,0.0,0.0,6.5
1014,0.0,0.0,0.0,0.0,0.0,0.0,0.8,1.0,1.0,1.0,1.0,1.0,1.0,1.0,1.0,0.5,0.0,0.0,0.0,0.0,0.0,0.0,0.0,0.0,9.3
1015,0.0,0.0,0.0,0.0,0.0,0.0,0.0,0.4,0.9,1.0,1.0,1.0,0.9,0.7,0.0,0.0,0.0,0.0,0.0,0.0,0.0,0.0,0.0,0.0,5.9
1016,0.0,0.0,0.0,0.0,0.0,0.0,0.8,1.0,1.0,1.0,1.0,1.0,1.0,0.7,0.9,0.2,0.3,0.0,0.0,0.0,0.0,0.0,0.0,0.0,8.9
1017,0.0,0.0,0.0,0.0,0.0,0.0,0.0,0.2,0.6,1.0,1.0,1.0,1.0,1.0,1.0,0.9,0.0,0.0,0.0,0.0,0.0,0.0,0.0,0.0,7.7
1018,0.0,0.0,0.0,0.0,0.0,0.0,0.9,1.0,1.0,1.0,1.0,1.0,1.0,1.0,1.0,1.0,0.4,0.0,0.0,0.0,0.0,0.0,0.0,0.0,10.3
1019,0.0,0.0,0.0,0.0,0.0,0.0,0.9,1.0,1.0,1.0,1.0,1.0,1.0,1.0,0.9,0.9,0.5,0.0,0.0,0.0,0.0,0.0,0.0,0.0,10.2
1020,0.0,0.0,0.0,0.0,0.0,0.0,0.0,0.0,0.1,0.2,0.0,0.2,0.0,0.2,0.0,0.0,0.0,0.0,0.0,0.0,0.0,0.0,0.0,0.0,0.7
1021,0.0,0.0,0.0,0.0,0.0,0.0,0.0,0.0,0.0,0.3,0.3,0.8,0.3,0.3,0.1,0.0,0.0,0.0,0.0,0.0,0.0,0.0,0.0,0.0,2.1
1022,0.0,0.0,0.0,0.0,0.0,0.0,0.0,1.0,1.0,1.0,1.0,0.9,0.9,1.0,0.4,0.0,0.0,0.0,0.0,0.0,0.0,0.0,0.0,0.0,7.2
1023,0.0,0.0,0.0,0.0,0.0,0.0,0.0,0.0,0.0,0.0,0.0,0.6,0.1,0.0,0.1,0.0,0.0,0.0,0.0,0.0,0.0,0.0,0.0,0.0,0.8
1024,0.0,0.0,0.0,0.0,0.0,0.0,0.0,0.0,0.0,0.0,0.0,0.0,0.0,0.0,0.0,0.0,0.0,0.0,0.0,0.0,0.0,0.0,0.0,0.0,0.0
1025,0.0,0.0,0.0,0.0,0.0,0.0,0.0,0.0,0.6,0.8,0.1,0.3,0.0,0.0,0.0,0.0,0.0,0.0,0.0,0.0,0.0,0.0,0.0,0.0,1.8
1026,0.0,0.0,0.0,0.0,0.0,0.0,0.0,0.0,0.0,0.0,0.0,0.0,0.0,0.0,0.0,0.0,0.0,0.0,0.0,0.0,0.0,0.0,0.0,0.0,0.0
1027,0.0,0.0,0.0,0.0,0.0,0.0,0.0,0.0,0.0,0.8,1.0,1.0,1.0,1.0,0.9,0.2,0.0,0.0,0.0,0.0,0.0,0.0,0.0,0.0,5.9
1028,0.0,0.0,0.0,0.0,0.0,0.0,0.0,0.2,0.0,0.8,0.8,1.0,0.4,0.0,0.0,0.0,0.0,0.0,0.0,0.0,0.0,0.0,0.0,0.0,3.2
1029,0.0,0.0,0.0,0.0,0.0,0.0,0.2,0.6,0.9,0.8,0.7,1.0,0.6,0.7,0.0,0.0,0.0,0.0,0.0,0.0,0.0,0.0,0.0,0.0,5.5
1030,0.0,0.0,0.0,0.0,0.0,0.0,0.0,0.0,0.0,0.1,0.1,0.1,0.3,0.0,0.0,0.0,0.0,0.0,0.0,0.0,0.0,0.0,0.0,0.0,0.6
1031,0.0,0.0,0.0,0.0,0.0,0.0,0.0,0.0,0.0,0.0,0.0,0.0,0.0,0.0,0.0,0.0,0.0,0.0,0.0,0.0,0.0,0.0,0.0,0.0,0.0
