Serial,WindSpeed(m/s),Pressure(hpa),Temperature(Â°C),Humidity(%),Sunlight(Lux),Power(mW),MonthDate,Hour,Season_weight,Sunlight_time(h),UV,Cloud
20240304070016 ,0.65,1017.52,22.28,63.15,22740.58,218.68,304,7,0.25,,,
20240304071016 ,1.12,1017.48,23.78,57.21,31276,339.7,304,7,0.25,,,
20240304072016 ,1.57,1017.43,25.27,52.59,40809.1,490.34,304,7,0.25,,,
20240304073016 ,1.38,1017.53,26.73,48.8,50825.69,658.88,304,7,0.25,,,
20240304074016 ,1.05,1017.53,28.72,43.96,57574.75,777.46,304,7,0.25,,,
20240304075016 ,0.66,1017.58,31.17,38.93,64417.79,907.69,304,7,0.25,,,
20240304080016 ,0.86,1017.51,32.87,35.05,72551.16,1067.17,304,8,0.25,,,
20240304081016 ,0.41,1017.49,35.21,31.52,81951.88,1261.67,304,8,0.25,,,
20240304082016 ,0.49,1017.45,37.26,27.8,89109.01,1395.76,304,8,0.25,,,
20240304083016 ,0.57,1017.37,38.13,26.45,93679,1474.02,304,8,0.25,,,
20240304084016 ,0.39,1017.33,39.76,24.2,98935.4,1556.65,304,8,0.25,,,
20240304085016 ,0.41,1017.23,40.66,22.32,102853.84,1584.07,304,8,0.25,,,
20240305070016 ,0.43,1011.78,22.61,71.57,7846.75,11.07,305,7,0.25,,,
20240305071016 ,0.17,1011.69,22.87,70.73,8109.75,10.15,305,7,0.25,,,
20240305072016 ,0.92,1011.55,23.23,69.34,11763.83,22.61,305,7,0.25,,,
20240305073016 ,1.8,1011.31,24.24,66.11,29717.15,268.56,305,7,0.25,,,
20240305074016 ,1.58,1011.23,29.68,50.38,62112.22,880.59,305,7,0.25,,,
20240305075016 ,1.12,1011.13,33.37,40.75,68771.08,1003.07,305,7,0.25,,,
20240305080016 ,0.76,1011.15,36.71,34.11,75875.2,1138.6,305,8,0.25,,,
20240305081016 ,1.66,1011.15,36.9,33.05,83496.11,1292.64,305,8,0.25,,,
20240305082016 ,2,1011.09,36.94,32.74,89109.73,1398.02,305,8,0.25,,,
20240305083016 ,1.32,1010.94,38.92,30.02,93635.88,1416.3,305,8,0.25,,,
20240305084016 ,1.85,1010.89,39.15,28.6,98709.71,1551.71,305,8,0.25,,,
20240305085016 ,1.09,1010.76,40.55,27.22,102162.94,1554.67,305,8,0.25,,,
20240306070016 ,0.08,1010.31,23.95,76.39,4596,4.76,306,7,0.25,,,
20240306071016 ,1.15,1010.77,23.77,79.65,1998.58,1.28,306,7,0.25,,,
20240306072016 ,1.74,1011.02,23.86,82.53,3402.17,2.77,306,7,0.25,,,
20240306073016 ,1.27,1011.15,24.1,82.22,5259.58,6.53,306,7,0.25,,,
20240306074016 ,2.07,1011.4,24.18,81.41,5964.42,7.91,306,7,0.25,,,
20240306075016 ,2.44,1011.68,23.97,82.1,4032.08,4.19,306,7,0.25,,,
20240306080016 ,2.45,1011.92,22.91,87.55,1462.92,0.46,306,8,0.25,,,
20240306081016 ,3.39,1012.19,22.08,90.17,5322.33,5.58,306,8,0.25,,,
20240306082016 ,3.08,1012.3,22.17,88.79,10416.25,20.23,306,8,0.25,,,
20240306083016 ,3.2,1012.46,22.23,87.84,10646.17,21.88,306,8,0.25,,,
20240306084016 ,2.66,1012.69,21.8,88.82,3671.83,2.48,306,8,0.25,,,
20240306085016 ,3.6,1012.84,21.41,88.89,3227.17,1.7,306,8,0.25,,,
20240307070016 ,2.51,1018.83,17.28,80.4,1809.25,0.76,307,7,0.25,,,
20240307071016 ,2.72,1018.87,17.62,77.13,2381.33,1.2,307,7,0.25,,,
20240307072016 ,2.46,1018.87,17.81,76.83,3342.42,2.28,307,7,0.25,,,
20240307073016 ,1.64,1018.96,17.9,77.51,3475.25,2.38,307,7,0.25,,,
20240307074016 ,1.25,1019.05,18.07,76.84,4423.83,3.54,307,7,0.25,,,
20240307075016 ,1.34,1019.23,18.22,75.61,5064.5,4.76,307,7,0.25,,,
20240307080016 ,1.38,1019.15,18.38,75.02,5753.92,5.93,307,8,0.25,,,
20240307081016 ,1.22,1019.25,18.64,75.43,6590.08,7.54,307,8,0.25,,,
20240307082016 ,0.04,1019.3,18.94,79.93,8462.25,12.99,307,8,0.25,,,
20240307083016 ,0.3,1019.45,19.4,81.07,10200.58,18.7,307,8,0.25,,,
20240307084016 ,0.68,1019.57,19.23,80.16,6549.75,8.41,307,8,0.25,,,
20240307085016 ,0.38,1019.59,18.91,80.46,4935.17,4.41,307,8,0.25,,,
20240308070016 ,3.21,1021.25,17.55,65.04,1188.08,0.29,308,7,0.25,,,
20240308071016 ,3.95,1021.47,17.54,63.9,1524.5,0.45,308,7,0.25,,,
20240308072016 ,2.86,1021.58,17.54,63.8,1816.83,0.64,308,7,0.25,,,
20240308073016 ,2.86,1021.76,17.57,62.41,2352.42,1.02,308,7,0.25,,,
20240308074016 ,2.45,1021.88,17.59,60.88,2385.08,1.05,308,7,0.25,,,
20240308075016 ,4.11,1022.01,17.53,58.48,2853.75,1.45,308,7,0.25,,,
20240308080016 ,3.08,1022.06,17.56,59.29,3308.33,1.91,308,8,0.25,,,
20240308081016 ,3.91,1022.18,17.54,59.11,3982.17,2.74,308,8,0.25,,,
20240308082016 ,4.48,1022.28,17.61,57.26,4913.42,4.12,308,8,0.25,,,
20240308083016 ,3.34,1022.24,17.85,55,6535.33,7.56,308,8,0.25,,,
20240308084016 ,3.3,1022.33,18.11,52.45,8969.17,14.01,308,8,0.25,,,
20240308085016 ,3.03,1022.46,18.39,52.97,9797.25,16.66,308,8,0.25,,,
20240309070016 ,0.21,1023.86,16.11,60.2,3280.25,2.27,309,7,0.25,,,
20240309071016 ,0.2,1024.34,16.36,58.27,2960.58,1.75,309,7,0.25,,,
20240309072016 ,0.57,1024.76,16.55,55.7,3560.5,2.55,309,7,0.25,,,
20240309073016 ,0.75,1024.93,16.79,53.55,4233.25,3.7,309,7,0.25,,,
20240309074016 ,0.55,1025.03,17.21,53.06,6896,9.73,309,7,0.25,,,
20240309075016 ,0.3,1025.1,17.89,51.3,8622.58,14.68,309,7,0.25,,,
20240309080016 ,0.33,1025.14,18.6,49.9,11829.33,28.19,309,8,0.25,,,
20240309081016 ,0.78,1025.23,19.12,47.51,10488.58,21.96,309,8,0.25,,,
20240309082016 ,0.88,1025.38,18.97,47.58,12496.58,31.12,309,8,0.25,,,
20240309083016 ,1.18,1025.25,19.8,45.29,17164.42,57.37,309,8,0.25,,,
20240309084016 ,1.19,1025.36,20.26,43.52,19225.08,71.54,309,8,0.25,,,
20240309085016 ,1.16,1025.21,20.52,43.42,15956.42,49.61,309,8,0.25,,,
20240310070016 ,0.74,1024.99,16.54,73.94,1540.75,0.48,310,7,0.25,,,
20240310071016 ,0.55,1025.15,16.69,73.26,1959.33,0.76,310,7,0.25,,,
20240310072016 ,0.79,1025.31,16.87,72.43,3204.67,1.91,310,7,0.25,,,
20240310073016 ,0.36,1025.47,17.12,71.85,3413.17,2.15,310,7,0.25,,,
20240310074016 ,0.39,1025.61,17.26,70.91,3441.08,2.14,310,7,0.25,,,
20240310075016 ,0,1025.8,17.47,70.54,3495.25,2.18,310,7,0.25,,,
20240310080016 ,0.07,1026,17.56,70.23,3329.58,1.98,310,8,0.25,,,
20240310081016 ,0.18,1026.14,17.57,69.8,3362.67,1.96,310,8,0.25,,,
20240310082016 ,0.1,1026.25,17.53,69.74,2987.42,1.52,310,8,0.25,,,
20240310083016 ,0.24,1026.41,17.51,69.62,3596.42,2.15,310,8,0.25,,,
20240310084016 ,0.11,1026.47,17.59,70.67,4158.33,2.87,310,8,0.25,,,
20240310085016 ,0.25,1026.58,17.54,72.74,4989.42,4.22,310,8,0.25,,,
20240311070016 ,0.26,1020.66,19.48,70.8,3828.58,2.75,311,7,0.25,,,
20240311071016 ,0,1020.7,19.71,70.35,3979.58,2.91,311,7,0.25,,,
20240311072016 ,0.89,1020.72,19.79,69.25,4831.42,4.23,311,7,0.25,,,
20240311073016 ,1.18,1020.73,19.84,69.18,6086.17,6.6,311,7,0.25,,,
20240311074016 ,1.1,1020.75,20.17,68.05,7805.92,10.44,311,7,0.25,,,
20240311075016 ,2.25,1020.64,20.2,66.74,8752.75,13.35,311,7,0.25,,,
20240311080016 ,2.13,1020.62,20.52,65.52,12067.42,25.2,311,8,0.25,,,
20240311081016 ,1.82,1020.69,20.99,64.31,12562.42,27.19,311,8,0.25,,,
20240311082016 ,2.04,1020.65,21.32,63.03,13951.25,33.28,311,8,0.25,,,
20240311083016 ,2.12,1020.58,21.92,61.21,19771.08,67.08,311,8,0.25,,,
20240311084016 ,2.58,1020.6,22.24,58.89,16881.25,48.87,311,8,0.25,,,
20240311085016 ,2.61,1020.5,22.26,58.31,17850.92,54.48,311,8,0.25,,,
20240312070016 ,3.57,1017.96,18.62,77.29,2163.17,0.94,312,7,0.25,,,
20240312071016 ,3.76,1018.18,18.9,75.33,2735.5,1.48,312,7,0.25,,,
20240312072016 ,2.93,1018.41,19.11,73.44,2895.33,1.67,312,7,0.25,,,
20240312073016 ,3.13,1018.68,19.29,70.11,3692.17,2.66,312,7,0.25,,,
20240312074016 ,3.03,1018.88,19.49,68.5,3985.75,3.07,312,7,0.25,,,
20240312075016 ,3.15,1019.04,19.67,67.02,4696.42,4.34,312,7,0.25,,,
20240312080016 ,3.2,1019.24,20.03,66,10291.25,23.64,312,8,0.25,,,
20240312081016 ,3.66,1019.45,20.46,63.19,9869.17,18.21,312,8,0.25,,,
20240312082016 ,3.52,1019.52,20.37,63.1,9374.25,16.16,312,8,0.25,,,
20240312083016 ,3.57,1019.62,20.58,61.2,12966.33,31.63,312,8,0.25,,,
20240312084016 ,1.98,1019.76,21.51,60.29,19457.5,69.57,312,8,0.25,,,
20240312085016 ,2.35,1019.8,21.78,60.36,16053.5,48.34,312,8,0.25,,,
20240313070016 ,0.11,1024.42,17.8,68.48,3037.92,1.94,313,7,0.25,,,
20240313071016 ,0.15,1024.57,18.11,67.34,3144.08,2.08,313,7,0.25,,,
20240313072016 ,0.16,1024.78,18.39,67.91,3295.75,2.25,313,7,0.25,,,
20240313073016 ,0.07,1024.94,18.62,68.24,4024.75,3.28,313,7,0.25,,,
20240313074016 ,0.04,1025.02,18.86,69.05,4817.83,4.54,313,7,0.25,,,
20240313075016 ,0.15,1025.08,19.03,68.87,5489,5.92,313,7,0.25,,,
20240313080016 ,0.07,1025.08,19.39,68.59,6961.58,9.55,313,8,0.25,,,
20240313081016 ,0.06,1025.08,20.06,67.11,9379.58,16.94,313,8,0.25,,,
20240313082016 ,0,1025.15,20.99,64.48,11211.75,24.31,313,8,0.25,,,
20240313083016 ,0.03,1025.14,21.53,60.5,10618.75,22.4,313,8,0.25,,,
20240313084016 ,0,1025.14,21.74,58.28,10667.08,22.25,313,8,0.25,,,
20240313085016 ,0,1025.1,21.78,57.11,9097.42,15.85,313,8,0.25,,,
20240314070016 ,0.38,1021.68,18.27,75.96,875.92,0.17,314,7,0.25,,,
20240314071016 ,0.65,1021.63,18.25,75.88,994.17,0.21,314,7,0.25,,,
20240314072016 ,0.4,1021.55,18.27,75.89,1439,0.4,314,7,0.25,,,
20240314073016 ,1.01,1021.76,18.36,75.36,1367,0.38,314,7,0.25,,,
20240314074016 ,1.44,1021.76,18.35,75.31,2013.25,0.77,314,7,0.25,,,
20240314075016 ,1.03,1021.71,18.46,75.09,2684.58,1.34,314,7,0.25,,,
20240314080016 ,0.3,1021.8,18.74,74.01,3478.25,2.29,314,8,0.25,,,
20240314081016 ,0.4,1021.88,19.02,72.54,3545,2.32,314,8,0.25,,,
20240314082016 ,0.2,1021.85,19.18,71.52,3609.33,2.3,314,8,0.25,,,
20240314083016 ,0.36,1021.87,19.2,71.58,2883.58,1.52,314,8,0.25,,,
20240314084016 ,1.21,1021.89,19.16,71.97,4471.66,3.6,314,8,0.25,,,
20240314085016 ,1.3,1021.89,19.45,70.84,5764.5,5.48,314,8,0.25,,,
20240315070016 ,0,1021.49,19.08,71.59,2427.58,1.2,315,7,0.25,,,
20240315071016 ,0.16,1021.62,19.35,71.13,3252.42,2.13,315,7,0.25,,,
20240315072016 ,0.16,1021.65,19.52,68.74,3592.17,2.52,315,7,0.25,,,
20240315073016 ,0.82,1021.71,19.61,68.52,3945.58,3.02,315,7,0.25,,,
20240315074016 ,0.2,1021.8,19.81,69.16,4460.08,3.9,315,7,0.25,,,
20240315075016 ,0.56,1021.85,20.1,67.43,5480.5,5.85,315,7,0.25,,,
20240315080016 ,0.5,1021.89,20.56,66.09,8792.5,14.6,315,8,0.25,,,
20240315081016 ,0.4,1021.9,21.26,65.11,10421.67,20.39,315,8,0.25,,,
20240315082016 ,0.22,1021.9,21.92,63.67,11568.25,24.8,315,8,0.25,,,
20240315083016 ,0.2,1021.96,22.3,61.92,10461.67,19.81,315,8,0.25,,,
20240315084016 ,0.42,1022.02,22.19,62.75,9466.75,16.26,315,8,0.25,,,
20240315085016 ,0.2,1022.05,22.66,62.88,14469.58,39.79,315,8,0.25,,,
20240316070016 ,0.78,1021.07,25.8,56.19,29627.42,345.6,316,7,0.25,,,
20240316071016 ,0.06,1021.19,29.39,47.91,39131.03,507.49,316,7,0.25,,,
20240316072016 ,0.41,1021.3,30.9,42.86,37257.15,312.9,316,7,0.25,,,
20240316073016 ,0.29,1021.32,30.58,43.5,42345.03,424.1,316,7,0.25,,,
20240316074016 ,0.06,1021.4,32.15,40.07,42767.75,437.7,316,7,0.25,,,
20240316075016 ,0.52,1021.43,30.25,42.62,31052.04,225.66,316,7,0.25,,,
20240316080016 ,0.42,1021.42,33.22,37.53,75260.32,1248.22,316,8,0.25,,,
20240316081016 ,0.23,1021.42,36.81,30.86,68195.72,949.84,316,8,0.25,,,
20240316082016 ,0.6,1021.46,34.78,33.33,36162.78,259.72,316,8,0.25,,,
20240316083016 ,0.68,1021.56,31.58,39,43249.57,378.27,316,8,0.25,,,
20240316084016 ,0.24,1021.6,32.15,38.48,39625.61,274.58,316,8,0.25,,,
20240316085016 ,0.25,1021.67,32.64,36.97,51485.54,527.09,316,8,0.25,,,
20240317070016 ,0.16,1019.08,22.36,73.69,4964.58,4.99,317,7,0.25,,,
20240317071016 ,0.09,1019.25,22.79,73.16,6330.58,7.97,317,7,0.25,,,
20240317072016 ,0.16,1019.37,23.08,72.12,8125,12.86,317,7,0.25,,,
20240317073016 ,0,1019.41,23.64,70.4,8460,13.99,317,7,0.25,,,
20240317074016 ,0,1019.44,24.15,68.55,9284.92,16.54,317,7,0.25,,,
20240317075016 ,0,1019.43,24.76,66.68,11964.5,26.34,317,7,0.25,,,
20240317080016 ,0,1019.36,25.11,65.15,12661.75,29.88,317,8,0.25,,,
20240317081016 ,0,1019.35,25.7,62.88,15199.17,43.61,317,8,0.25,,,
20240317082016 ,0,1019.39,26.67,59.93,19498.34,69.83,317,8,0.25,,,
20240317083016 ,0,1019.37,27.7,56.76,24183,103.12,317,8,0.25,,,
20240317084016 ,0,1019.27,30.66,49.5,51631.11,603.81,317,8,0.25,,,
20240317085016 ,0,1019.16,35.29,38.35,81798.78,1159.37,317,8,0.25,,,
20240318070016 ,0,1019.95,21.32,73.9,1318.08,0.38,318,7,0.25,,,
20240318071016 ,0,1020.08,21.38,73.61,1966.75,0.81,318,7,0.25,,,
20240318072016 ,0,1020.24,21.47,73.55,1942.75,0.78,318,7,0.25,,,
20240318073016 ,0,1020.34,21.57,73.47,2373.58,1.11,318,7,0.25,,,
20240318074016 ,0,1020.4,21.58,73.13,2826.75,1.55,318,7,0.25,,,
20240318075016 ,0,1020.45,21.72,72.47,3294.33,2.08,318,7,0.25,,,
20240318080016 ,0,1020.46,21.85,71.96,3579.58,2.41,318,8,0.25,,,
20240318081016 ,0,1020.47,22.17,72.39,4898.17,4.42,318,8,0.25,,,
20240318082016 ,0,1020.44,22.51,71.9,5365.58,5.36,318,8,0.25,,,
20240318083016 ,0,1020.45,22.8,70.85,6683.17,8.14,318,8,0.25,,,
20240318084016 ,0,1020.45,23.08,69.36,6805.33,8.44,318,8,0.25,,,
20240318085016 ,0,1020.42,23.32,68.15,7292.75,9.6,318,8,0.25,,,
20240319070016 ,0,1019.36,19.4,94.43,815,0.14,319,7,0.25,,,
20240319071016 ,0,1019.52,19.26,94.27,946.83,0.19,319,7,0.25,,,
20240319072016 ,0,1019.6,19.14,93.91,1392.33,0.39,319,7,0.25,,,
20240319073016 ,0,1019.67,19.02,93.05,1577.58,0.53,319,7,0.25,,,
20240319074016 ,0,1019.81,18.95,93.68,1593.75,0.47,319,7,0.25,,,
20240319075016 ,0,1019.91,19.02,93.74,2079,0.75,319,7,0.25,,,
20240319080016 ,0,1019.94,19.13,93.35,3076.58,1.75,319,8,0.25,,,
20240319081016 ,0,1020.08,19.25,91.97,3811.75,2.46,319,8,0.25,,,
20240319082016 ,0,1020.24,19.4,91.3,3950.67,2.61,319,8,0.25,,,
20240319083016 ,0,1020.32,19.46,91.34,2728.42,1.3,319,8,0.25,,,
20240319084016 ,0,1020.42,19.65,90.63,2700.5,1.3,319,8,0.25,,,
20240319085016 ,0,1020.49,19.6,90,3212.17,1.79,319,8,0.25,,,
20240320070016 ,0,1026.81,19.23,43.84,4075.25,4.06,320,7,0.25,,,
20240320071016 ,0,1026.97,19.32,43.96,4713.67,5,320,7,0.25,,,
20240320072016 ,0,1027.05,19.4,44.48,5740.08,7.12,320,7,0.25,,,
20240320073016 ,0,1027.18,19.46,44.39,6670.83,9.53,320,7,0.25,,,
20240320074016 ,0,1027.29,19.66,43.23,7922.58,13.4,320,7,0.25,,,
20240320075016 ,0,1027.39,19.92,42.37,9861.92,20.51,320,7,0.25,,,
20240320080016 ,0,1027.39,20.32,42.39,12857.92,34.33,320,8,0.25,,,
20240320081016 ,0,1027.47,20.42,42.97,15149.08,47.01,320,8,0.25,,,
20240320082016 ,0,1027.56,20.99,41.69,19900.33,79.46,320,8,0.25,,,
20240320083016 ,0,1027.55,21.6,40.48,22250.25,97.5,320,8,0.25,,,
20240320084016 ,0,1027.49,21.84,39.63,25579.58,128.05,320,8,0.25,,,
20240320085016 ,0,1027.45,22.67,38.54,32125.08,200.75,320,8,0.25,,,
20240321070016 ,0,1022.69,21.48,52.09,22189.92,189.29,321,7,0.25,,,
20240321071016 ,0,1022.64,25.28,43.42,35864.75,441.33,321,7,0.25,,,
20240321072016 ,0,1022.6,27.42,37.96,38410.2,438.01,321,7,0.25,,,
20240321073016 ,0,1022.64,28.72,34.68,47914.64,622.1,321,7,0.25,,,
20240321074016 ,0,1022.63,30.59,31.65,58111.83,830.23,321,7,0.25,,,
20240321075016 ,0,1022.7,32.53,28.71,64555.25,964.38,321,7,0.25,,,
20240321080016 ,0,1022.73,34,26.07,70843.42,1085.13,321,8,0.25,,,
20240321081016 ,0,1022.79,34.74,24.49,79185.05,1249.72,321,8,0.25,,,
20240321082016 ,0,1022.89,35.66,23.53,85445.36,1375.6,321,8,0.25,,,
20240321083016 ,0,1022.83,36.94,21.28,91363.55,1473.86,321,8,0.25,,,
20240321084016 ,0,1022.8,37.54,20.8,96861.26,1539.64,321,8,0.25,,,
20240321085016 ,0,1022.73,39.4,17.27,97964.54,1481.48,321,8,0.25,,,
20240322070016 ,0,1017.83,19.85,62.98,2702.67,1.68,322,7,0.25,,,
20240322071016 ,0,1017.94,19.84,63.72,3370.42,2.55,322,7,0.25,,,
20240322072016 ,0,1017.91,20.22,63.1,4324.08,4.2,322,7,0.25,,,
20240322073016 ,0,1018.01,20.47,62.33,6119,8.28,322,7,0.25,,,
20240322074016 ,0,1018.03,20.85,61.66,6420.16,8.8,322,7,0.25,,,
20240322075016 ,0,1018.06,21.36,60.13,8285,14.42,322,7,0.25,,,
20240322080016 ,0,1018.1,21.67,59.1,8009.25,13.74,322,8,0.25,,,
20240322081016 ,0,1018.24,22.27,57.73,13107.25,36.71,322,8,0.25,,,
20240322082016 ,0,1018.24,23.71,53.38,25122.42,126.85,322,8,0.25,,,
20240322083016 ,0,1018.19,26.57,45.67,43861.47,407.75,322,8,0.25,,,
20240322084016 ,0,1018.08,30.63,36.77,55300.88,616.5,322,8,0.25,,,
20240322085016 ,0,1018.04,30.04,36.17,45373.95,593.76,322,8,0.25,,,
20240323070016 ,0,1015.89,27.01,54.6,25228.25,248.99,323,7,0.25,,,
20240323071016 ,0,1015.91,27.2,52.97,24938.58,214.32,323,7,0.25,,,
20240323072016 ,0,1016.09,28.63,50.58,32802.75,306.74,323,7,0.25,,,
20240323073016 ,0,1016.18,31.65,43.36,44839.23,547.94,323,7,0.25,,,
20240323074016 ,0,1016.17,33.94,37.92,46598.2,552.48,323,7,0.25,,,
20240323075016 ,0,1016.27,33.15,38.95,39651.49,369.93,323,7,0.25,,,
20240323080016 ,0,1016.28,34.68,36.61,50592.17,621.09,323,8,0.25,,,
20240323081016 ,0,1016.33,33.01,38.93,36752.98,352.03,323,8,0.25,,,
20240323082016 ,0,1016.43,35.63,34.73,69845.43,1008.64,323,8,0.25,,,
20240323083016 ,0,1016.35,40.35,26.74,87843.83,1380.01,323,8,0.25,,,
20240323084016 ,0,1016.44,42.36,23.88,89289.95,1373.88,323,8,0.25,,,
20240323085016 ,0,1016.48,43.1,22.19,93629.76,1444.45,323,8,0.25,,,
20240324070016 ,0.36,1018.1,28.33,93.81,33023.5,391.13,324,7,0.25,,,
20240324071016 ,0.36,1018.23,31.56,89.92,41949.6,537.23,324,7,0.25,,,
20240324072016 ,0.34,1018.32,33.17,82.28,47927.58,622.23,324,7,0.25,,,
20240324073016 ,0.75,1018.51,34.67,70.9,55237.74,806.21,324,7,0.25,,,
20240324074016 ,0,1018.61,36.17,59.04,47468.7,556.23,324,7,0.25,,,
20240324075016 ,0,1018.69,37.66,49.77,72742.17,1145.33,324,7,0.25,,,
20240324080016 ,0,1018.7,39.54,41.54,61608.2,820.87,324,8,0.25,,,
20240324081016 ,0,1018.66,39.81,38.86,79355.04,1239.4,324,8,0.25,,,
20240324082016 ,0,1018.77,37.6,42.7,33713.75,214.91,324,8,0.25,,,
20240324083016 ,0,1018.8,34.76,48.91,36431.71,251.42,324,8,0.25,,,
20240324084016 ,0,1018.85,35.31,49.8,46354.98,609.03,324,8,0.25,,,
20240324085016 ,0,1018.82,38.63,41.67,64433.86,798.14,324,8,0.25,,,
20240325070016 ,0,1016.18,24.94,87.22,5748.17,6.98,325,7,0.25,,,
20240325071016 ,0,1016.27,25.95,85,12198.58,30.34,325,7,0.25,,,
20240325072016 ,0,1016.41,26.71,82.68,12594.08,30.59,325,7,0.25,,,
20240325073016 ,0,1016.44,28.17,79.74,20186.5,88.34,325,7,0.25,,,
20240325074016 ,0,1016.46,29.35,73.17,26848.67,206.77,325,7,0.25,,,
20240325075016 ,0,1016.55,31.25,64.91,21261.58,103.09,325,7,0.25,,,
20240325080016 ,0,1016.66,30.13,66.55,17032.75,60.44,325,8,0.25,,,
20240325081016 ,0,1016.79,30.88,63.22,27472.67,153.1,325,8,0.25,,,
20240325082016 ,0,1016.82,31.09,61.86,23159.67,106.46,325,8,0.25,,,
20240325083016 ,0,1016.85,31.47,60.58,36581.17,264.57,325,8,0.25,,,
20240325084016 ,0,1016.88,30.99,60.14,29966.56,170.64,325,8,0.25,,,
20240325085016 ,0,1016.93,31.35,57.96,47195.02,465.75,325,8,0.25,,,
20240326070016 ,0,1017.91,33.64,50.22,30865.08,363.85,326,7,0.25,,,
20240326071016 ,0,1018,35.66,44.88,37801.21,470.03,326,7,0.25,,,
20240326072016 ,0,1018.18,36.55,39.49,45569.11,602.17,326,7,0.25,,,
20240326073016 ,0,1018.28,39.21,34.5,53513.81,745.83,326,7,0.25,,,
20240326074016 ,0,1018.42,40.42,31.04,60461.25,859.84,326,7,0.25,,,
20240326075016 ,0,1018.6,42.65,29.01,69226.41,1015.56,326,7,0.25,,,
20240326080016 ,0,1018.66,43.77,26.03,78158.49,1132.73,326,8,0.25,,,
20240326081016 ,0,1018.74,43.93,26.38,84740.08,1173.31,326,8,0.25,,,
20240326082016 ,0,1018.79,44.62,26.1,91503.88,1270.21,326,8,0.25,,,
20240326083016 ,0,1018.84,44.85,24.97,97019.39,1325.07,326,8,0.25,,,
20240326084016 ,0.17,1018.88,45.51,23.71,99942.72,1361.25,326,8,0.25,,,
20240326085016 ,0.09,1018.93,46.3,23.83,102058.72,1398.55,326,8,0.25,,,
20240327070016 ,0,1023.01,22.5,76.93,6302.17,8.36,327,7,0.25,,,
20240327071016 ,0,1023.11,22.83,76.14,7604.25,12.08,327,7,0.25,,,
20240327072016 ,0,1023.17,23.45,73.53,10048.92,21.5,327,7,0.25,,,
20240327073016 ,0,1023.14,24.1,71.54,10742.58,24.51,327,7,0.25,,,
20240327074016 ,0,1023.11,24.25,69.13,11264.67,26.84,327,7,0.25,,,
20240327075016 ,0,1023.14,24.59,67.95,10693.5,23.85,327,7,0.25,,,
20240327080016 ,0,1023.19,24.65,67.34,10031.08,20.79,327,8,0.25,,,
20240327081016 ,0,1023.2,24.67,66.91,11087.42,25.26,327,8,0.25,,,
20240327082016 ,0,1023.16,25.07,67.04,13678.75,38.21,327,8,0.25,,,
20240327083016 ,0,1023.25,25.71,64.34,15822.42,50.64,327,8,0.25,,,
20240327084016 ,0,1023.22,26.4,61.73,17841.75,64.38,327,8,0.25,,,
20240327085016 ,0,1023.28,26.6,60.84,18952.58,73.32,327,8,0.25,,,
20240328070016 ,0,1013.4,28.02,56.57,32389.32,423.31,328,7,0.25,,,
20240328071016 ,0,1013.44,31.55,46.48,48268.01,732.97,328,7,0.25,,,
20240328072016 ,0,1013.53,31.6,45,55870.59,900.8,328,7,0.25,,,
20240328073016 ,0,1013.48,33.22,42.06,65322.87,1107.58,328,7,0.25,,,
20240328074016 ,0,1013.46,36.05,36.3,73971.77,1274.78,328,7,0.25,,,
20240328075016 ,0,1013.42,34.98,36.43,80614.28,1378.33,328,7,0.25,,,
20240328080016 ,0.17,1013.52,35.64,36.68,90247.51,850.79,328,8,0.25,,,
20240328081016 ,0.02,1013.44,35.95,34.72,99863.3,1643.8,328,8,0.25,,,
20240328082016 ,0,1013.51,36.72,32.79,99931.4,1593.59,328,8,0.25,,,
20240328083016 ,0,1013.54,37.98,31.8,98011.44,1531.27,328,8,0.25,,,
20240328084016 ,0,1013.55,37.7,30.69,105675.11,1695.18,328,8,0.25,,,
20240328085016 ,0,1013.58,37.88,31.93,104137.17,1673.98,328,8,0.25,,,
20240329070016 ,0,1013.98,25.46,72.03,4803.83,4.9,329,7,0.25,,,
20240329071016 ,0,1014.06,25.44,71.38,5671.17,6.84,329,7,0.25,,,
20240329072016 ,0,1014.2,25.73,70.66,7955.92,13.96,329,7,0.25,,,
20240329073016 ,0,1014.45,26.13,68.22,8464.92,15.35,329,7,0.25,,,
20240329074016 ,0,1014.67,26.05,68.48,8398.08,17.05,329,7,0.25,,,
20240329075016 ,0,1014.81,26.52,67.01,8182.75,15.91,329,7,0.25,,,
20240329080016 ,0,1014.87,27.06,65.51,9810.33,20.37,329,8,0.25,,,
20240329081016 ,0,1015.11,27.34,65.43,8843.25,16.89,329,8,0.25,,,
20240329082016 ,0,1015.28,27.61,64.64,11885.08,30.66,329,8,0.25,,,
20240329083016 ,0,1015.32,28.28,64.76,17775.83,63.93,329,8,0.25,,,
20240329084016 ,0,1015.4,28.07,66.89,5913.75,7.75,329,8,0.25,,,
20240329085016 ,0,1015.57,26.6,72.42,3410.08,2.42,329,8,0.25,,,
20240330070016 ,0,1016.7,23.5,82.24,3630.5,2.87,330,7,0.25,,,
20240330071016 ,0,1016.86,23.8,80.32,4373.83,4.1,330,7,0.25,,,
20240330072016 ,0,1016.91,24.08,79.64,5296.17,6.06,330,7,0.25,,,
20240330073016 ,0,1017.07,24.47,77.88,5825.92,7.23,330,7,0.25,,,
20240330074016 ,0,1017.22,24.59,77.11,5783.33,6.96,330,7,0.25,,,
20240330075016 ,0,1017.38,24.71,76.84,7189.34,10.67,330,7,0.25,,,
20240330080016 ,0,1017.61,25.14,76.03,6721.33,9.03,330,8,0.25,,,
20240330081016 ,0,1017.71,25.39,75.21,6860.58,9.33,330,8,0.25,,,
20240330082016 ,0,1017.75,25.57,74.66,7325.33,10.78,330,8,0.25,,,
20240330083016 ,0,1017.79,25.95,73.46,8476.92,14.24,330,8,0.25,,,
20240330084016 ,0,1017.83,26.02,72.59,10561.33,22.3,330,8,0.25,,,
20240330085016 ,0,1018.05,25.87,73.06,6960.5,9.66,330,8,0.25,,,
20240331070016 ,0,1012.99,29.23,60.72,21588.17,158.49,331,7,0.25,,,
20240331071016 ,0,1013.02,28.82,58.77,18112.42,103.12,331,7,0.25,,,
20240331072016 ,0,1013.1,27.54,63.24,13441.34,45.88,331,7,0.25,,,
20240331073016 ,0,1013.15,26.69,65.97,9418.58,21.16,331,7,0.25,,,
20240331074016 ,0,1013.37,26.28,68.7,8362.58,15.68,331,7,0.25,,,
20240331075016 ,0,1013.39,26.54,68.04,10603.75,25.13,331,7,0.25,,,
20240331080016 ,0,1013.42,27.16,66.41,13239.42,38.2,331,8,0.25,,,
20240331081016 ,0,1013.35,28.04,63.43,17873.25,68.47,331,8,0.25,,,
20240331082016 ,0,1013.38,28.93,60.06,20986.08,94.18,331,8,0.25,,,
20240331083016 ,0,1013.54,30.16,56,34507.7,266.62,331,8,0.25,,,
20240331084016 ,0,1013.46,33.55,45.75,52031.57,578.65,331,8,0.25,,,
20240331085016 ,0.04,1013.5,34.02,44.76,32338.29,211.01,331,8,0.25,,,
20240401070016 ,0,1016.18,21.21,98.05,1836.92,0.73,401,7,0.25,,,
20240401071016 ,0,1016.37,21.4,97.96,1719.33,0.64,401,7,0.25,,,
20240401072016 ,0,1016.31,21.39,97.46,1966.42,0.78,401,7,0.25,,,
20240401073016 ,0,1016.54,21.46,97.8,2223.5,0.99,401,7,0.25,,,
20240401074016 ,0,1016.59,21.94,97.71,2995.83,1.72,401,7,0.25,,,
20240401075016 ,0,1016.76,22.3,96.38,3622.17,2.61,401,7,0.25,,,
20240401080016 ,0,1016.8,22.82,95.8,4182.42,3.52,401,8,0.25,,,
20240401081016 ,0,1016.84,22.88,91.06,4550.17,4.11,401,8,0.25,,,
20240401082016 ,0,1016.78,23.12,89.86,5933.08,6.79,401,8,0.25,,,
20240401083016 ,0,1016.94,23.66,88.61,7299.92,10.45,401,8,0.25,,,
20240401084016 ,0,1016.75,24.51,86.74,10688.42,22.93,401,8,0.25,,,
20240401085016 ,0,1016.72,25.4,82.86,13495.58,36.44,401,8,0.25,,,
20240402070016 ,0,1013.83,33.38,49.56,38790.04,566.22,402,7,0.25,,,
20240402071016 ,0,1013.88,35.23,43.95,38692.63,493.96,402,7,0.25,,,
20240402072016 ,0,1013.96,37.91,38.64,46387.21,660.86,402,7,0.25,,,
20240402073016 ,0,1014.03,39.12,35.3,56089.28,868.44,402,7,0.25,,,
20240402074016 ,0,1014.13,39.74,32.86,69661.43,1175.05,402,7,0.25,,,
20240402075016 ,0,1014.18,40.85,31.33,78754.88,1306.45,402,7,0.25,,,
20240402080016 ,0,1014.23,43.4,27.59,88044.18,1409.61,402,8,0.25,,,
20240402081016 ,0,1014.31,42.14,28.31,95541.82,1498.61,402,8,0.25,,,
20240402082016 ,0,1014.32,43.19,27.32,101018.33,1552.95,402,8,0.25,,,
20240402083016 ,0,1014.4,42.15,27.23,105037.4,1607.77,402,8,0.25,,,
20240402084016 ,0,1014.42,42.19,26.38,107602.44,1642.65,402,8,0.25,,,
20240402085016 ,0,1014.43,44.76,25.23,110090.75,1660.38,402,8,0.25,,,
20240403070016 ,0,1012.63,36.03,42.73,29034.33,351.41,403,7,0.25,,,
20240403071016 ,0,1012.8,36.56,38.75,44628.17,700.26,403,7,0.25,,,
20240403072016 ,0,1012.81,39.94,33.43,57197.04,973.94,403,7,0.25,,,
20240403073016 ,0,1012.71,43.11,28.16,65242.01,1124.67,403,7,0.25,,,
20240403074016 ,0,1012.7,44.92,25.6,73601.44,1245.35,403,7,0.25,,,
20240403075016 ,0,1012.71,45.57,24.43,82591.38,1359.77,403,7,0.25,,,
20240403080016 ,0,1012.76,47.13,22.82,91274.06,1434.73,403,8,0.25,,,
20240403081016 ,0,1012.77,49.55,20.31,97285.51,1490.18,403,8,0.25,,,
20240403082016 ,0,1012.69,49.64,19.8,103188.95,1558.19,403,8,0.25,,,
20240403083016 ,0,1012.66,50.08,18.92,107213.23,1596.33,403,8,0.25,,,
20240403084016 ,0,1012.68,47.97,20.97,107688.15,1612.01,403,8,0.25,,,
20240403085016 ,0,1012.7,45.39,23.67,108566.82,1654.78,403,8,0.25,,,
20240404070016 ,0,1012.93,31.86,55.6,10633.83,27.52,404,7,0.25,,,
20240404071016 ,0,1013.12,30.85,57.29,10166.17,26.36,404,7,0.25,,,
20240404072016 ,0,1013.25,31.08,56.61,13008.67,42.54,404,7,0.25,,,
20240404073016 ,0,1013.26,32.55,53.66,27381.5,210.92,404,7,0.25,,,
20240404074016 ,0,1013.25,34.63,47.76,28453.5,196.39,404,7,0.25,,,
20240404075016 ,0,1013.36,34.85,47.86,32758.09,273,404,7,0.25,,,
20240404080016 ,0,1013.44,35.38,46.91,28643.02,192.25,404,8,0.25,,,
20240404081016 ,0,1013.49,36.03,45.8,50865.89,668.08,404,8,0.25,,,
20240404082016 ,0,1013.61,39.52,36.92,71147.98,1123.53,404,8,0.25,,,
20240404083016 ,0,1013.56,40.92,32.85,78122.55,1261.49,404,8,0.25,,,
20240404084016 ,0,1013.54,40.42,34.49,59023.62,743.31,404,8,0.25,,,
20240404085016 ,0,1013.6,41.68,33.52,91975.2,1556.78,404,8,0.25,,,
20240405070016 ,0,1014.57,26.69,78.25,6283.17,9.26,405,7,0.25,,,
20240405071016 ,0,1014.72,26.69,77.56,6086.94,8.76,405,7,0.25,,,
20240405072016 ,0,1014.9,26.36,78.81,3633.67,3.06,405,7,0.25,,,
20240405073016 ,0,1014.97,26.19,79.21,3473.42,2.8,405,7,0.25,,,
20240405074016 ,0,1015.12,25.85,79.53,3680.92,3.02,405,7,0.25,,,
20240405075016 ,0,1015.28,25.48,79.85,3910.42,3.5,405,7,0.25,,,
20240405080016 ,0,1015.19,25.54,79.42,6017.33,8.21,405,8,0.25,,,
20240405081016 ,0,1015.24,25.87,78.01,6832.58,10.38,405,8,0.25,,,
20240405082016 ,0,1015.42,25.84,77.79,6513.67,9.36,405,8,0.25,,,
20240405083016 ,0,1015.45,25.88,77.3,5819.83,7.24,405,8,0.25,,,
20240405084016 ,0,1015.45,25.75,77.64,6894.67,10.4,405,8,0.25,,,
20240405085016 ,0,1015.48,26.12,76.38,10367.83,24.76,405,8,0.25,,,
20240406070016 ,0,1016.61,23.87,100,3502.67,2.93,406,7,0.25,,,
20240406071016 ,0,1016.67,24.06,100,3916,3.54,406,7,0.25,,,
20240406072016 ,0,1016.74,24.26,100,4506.75,4.62,406,7,0.25,,,
20240406073016 ,0,1016.89,24.47,100,5224.08,6.22,406,7,0.25,,,
20240406074016 ,0,1017.04,24.55,100,5069.08,5.74,406,7,0.25,,,
20240406075016 ,0,1017.09,24.67,100,4663,4.91,406,7,0.25,,,
20240406080016 ,0,1017.09,24.43,100,3806.58,3.03,406,8,0.25,,,
20240406081016 ,0,1017.12,24.14,100,3466.58,2.42,406,8,0.25,,,
20240406082016 ,0,1017.12,23.95,100,1780,0.66,406,8,0.25,,,
20240406083016 ,0,1017.22,23.85,100,1344.75,0.36,406,8,0.25,,,
20240406084016 ,0,1017.28,23.81,100,1482.83,0.51,406,8,0.25,,,
20240406085016 ,0,1017.24,23.84,100,3034.5,1.76,406,8,0.25,,,
20240410070016 ,0,1019.66,21.01,100,2716.16,1.84,410,7,0.25,,,
20240410071016 ,0,1019.74,21.45,100,4451,4.37,410,7,0.25,,,
20240410072016 ,0,1019.73,21.7,100,4747.5,4.86,410,7,0.25,,,
20240410073016 ,0,1019.7,22.05,100,5878.58,7.18,410,7,0.25,,,
20240410074016 ,0,1019.81,22.21,100,4958.08,4.84,410,7,0.25,,,
20240410075016 ,0,1019.91,22.28,100,7342.5,11.7,410,7,0.25,,,
20240410080016 ,0,1019.82,22.57,100,6975.75,10.04,410,8,0.25,,,
20240410081016 ,0,1019.94,22.69,100,9212.08,17.46,410,8,0.25,,,
20240410082016 ,0,1020.12,22.79,100,8654.42,15.3,410,8,0.25,,,
20240410083016 ,0,1020.21,22.61,100,6314,7.78,410,8,0.25,,,
20240410084016 ,0,1020.32,22.46,100,6338.75,7.66,410,8,0.25,,,
20240410085016 ,0,1020.32,22.49,100,7636.17,11.34,410,8,0.25,,,
20240411070016 ,0,1017.21,31.72,63.05,25054.25,370.43,411,7,0.25,,,
20240411071016 ,0,1017.31,34.11,56.39,34154.99,484.95,411,7,0.25,,,
20240411072016 ,0,1017.4,35.81,51.25,42577.27,600.22,411,7,0.25,,,
20240411073016 ,0,1017.49,37.31,46.23,51907.04,725.95,411,7,0.25,,,
20240411074016 ,0,1017.58,38.82,43.03,59872.41,871.57,411,7,0.25,,,
20240411075016 ,0,1017.57,40.27,38.99,67629.88,1003.05,411,7,0.25,,,
20240411080016 ,0,1017.58,41.43,35.07,74228.55,1113.39,411,8,0.25,,,
20240411081016 ,0,1017.58,39.67,36.51,79769.75,1211.25,411,8,0.25,,,
20240411082016 ,0,1017.65,41.62,35.11,84356.99,1300.88,411,8,0.25,,,
20240411083016 ,0,1017.58,44.22,31.38,88232.85,1377.56,411,8,0.25,,,
20240411084016 ,0,1017.6,45.74,28.94,91560.13,1436.64,411,8,0.25,,,
20240411085016 ,0,1017.54,45.96,27.7,87987.04,1299.68,411,8,0.25,,,
20240412070016 ,0,1014.45,34.44,52.58,26296.58,276.45,412,7,0.25,,,
20240412071016 ,0,1014.46,35.33,49.03,32066.83,371.98,412,7,0.25,,,
20240412072016 ,0,1014.53,35.53,46.92,38530.05,483.87,412,7,0.25,,,
20240412073016 ,0,1014.54,37.16,44.29,44619.82,590.51,412,7,0.25,,,
20240412074016 ,0,1014.63,39.2,40.38,51721.07,712.3,412,7,0.25,,,
20240412075016 ,0,1014.73,41.13,36.42,58476.24,827.38,412,7,0.25,,,
20240412080016 ,0,1014.74,42.42,34.34,65038.79,944.62,412,8,0.25,,,
20240412081016 ,0,1014.66,42.98,32.14,70824.91,1053.15,412,8,0.25,,,
20240412082016 ,0,1014.61,43.95,30.86,76154.44,1160.2,412,8,0.25,,,
20240412083016 ,0,1014.64,43.94,30.29,79809.64,1236.38,412,8,0.25,,,
20240412084016 ,0,1014.58,43.32,30.72,82234.34,1293.39,412,8,0.25,,,
20240412085016 ,0,1014.55,43.48,30.3,85860.98,1358.35,412,8,0.25,,,
20240413070016 ,0,1013.13,29.97,73.26,10781.42,26.14,413,7,0.25,,,
20240413071016 ,0,1013.17,30.72,70.29,21882.42,171.72,413,7,0.25,,,
20240413072016 ,0,1013.16,35.05,57.03,33968.26,367.16,413,7,0.25,,,
20240413073016 ,0,1013.2,34.41,57.5,15979.83,62.55,413,7,0.25,,,
20240413074016 ,0,1013.27,32.66,61.74,14685.83,49.74,413,7,0.25,,,
20240413075016 ,0,1013.27,32.96,62.5,22194.83,124.41,413,7,0.25,,,
20240413080016 ,0,1013.37,34.45,58.14,25340.81,185.48,413,8,0.25,,,
20240413081016 ,0,1013.48,33.13,62.12,17225.42,63.83,413,8,0.25,,,
20240413082016 ,0,1013.54,33.03,63.45,21543.33,99.54,413,8,0.25,,,
20240413083016 ,0,1013.66,33.04,63.71,20846.58,94.03,413,8,0.25,,,
20240413084016 ,0,1013.78,32.84,63.94,22737.08,111.94,413,8,0.25,,,
20240413085016 ,0,1013.79,33.49,62.79,28103,165.06,413,8,0.25,,,
20240414070016 ,0,1013.07,34.48,63.47,29516.33,336.43,414,7,0.25,,,
20240414071016 ,0,1013.04,36.67,55.62,35018.41,418.91,414,7,0.25,,,
20240414072016 ,0,1013.1,37.12,53.21,41273.82,523.44,414,7,0.25,,,
20240414073016 ,0,1013.12,38.62,49.21,48179.61,650.94,414,7,0.25,,,
20240414074016 ,0,1013.16,40.2,45.4,55416.52,775.72,414,7,0.25,,,
20240414075016 ,0.34,1013.23,38.89,45.98,61022.95,857.35,414,7,0.25,,,
20240414080016 ,0.06,1013.2,38.9,46.46,66394.35,947.3,414,8,0.25,,,
20240414081016 ,0,1013.27,40.79,43.61,72808.3,1066.31,414,8,0.25,,,
20240414082016 ,0,1013.26,43.58,36.95,75748.53,1116.7,414,8,0.25,,,
20240414083016 ,0,1013.41,43.3,35.23,78953.07,1191.54,414,8,0.25,,,
20240414084016 ,0,1013.53,44.23,34.45,84918.87,1338.28,414,8,0.25,,,
20240414085016 ,0,1013.58,46.01,30.87,85035.49,1320.74,414,8,0.25,,,
20240415070016 ,0,1012.27,28.95,82.94,5411.5,6.97,415,7,0.25,,,
20240415071016 ,0,1012.4,28.93,82.68,5284.5,6.59,415,7,0.25,,,
20240415072016 ,0,1012.48,29.11,82.88,5307.25,6.68,415,7,0.25,,,
20240415073016 ,0,1012.62,29.13,82.28,3959.33,3.94,415,7,0.25,,,
20240415074016 ,0,1012.72,29,82.74,3337.17,2.78,415,7,0.25,,,
20240415075016 ,0,1012.86,29.09,83.01,4867.92,5.72,415,7,0.25,,,
20240415080016 ,0,1012.97,29.46,82.48,6237.42,8.84,415,8,0.25,,,
20240415081016 ,0,1013.09,29.31,83.98,5090.83,6.07,415,8,0.25,,,
20240415082016 ,0.02,1013.16,28.98,86.93,6197.83,9.18,415,8,0.25,,,
20240415083016 ,0,1013.2,28.38,92.63,6609.58,10.9,415,8,0.25,,,
20240415084016 ,0,1013.3,28.77,92.64,8907.08,18.03,415,8,0.25,,,
20240415085016 ,0,1013.28,30.01,87.65,13232.5,38.73,415,8,0.25,,,
20240416070016 ,0,1013.6,29.37,85.34,6110.83,9.33,416,7,0.25,,,
20240416071016 ,0,1013.59,29.53,85.19,7654.83,14.49,416,7,0.25,,,
20240416072016 ,0,1013.57,29.77,83.9,7768.83,15.42,416,7,0.25,,,
20240416073016 ,0,1013.52,30.31,81.91,9573.15,23.32,416,7,0.25,,,
20240416074016 ,0,1013.43,31.18,77.62,14266.25,50.09,416,7,0.25,,,
20240416075016 ,0,1013.26,32.52,72.09,19304.75,101.34,416,7,0.25,,,
20240416080016 ,0,1013.23,33.21,69.67,16249,62.7,416,8,0.25,,,
20240416081016 ,0,1013.28,33.18,70.42,16481.25,61.97,416,8,0.25,,,
20240416082016 ,0,1013.3,33.1,70,14453.67,48.29,416,8,0.25,,,
20240416083016 ,0,1013.3,33.24,69.26,16704.42,65.38,416,8,0.25,,,
20240416084016 ,0,1013.32,33.58,67.95,21215.92,104.4,416,8,0.25,,,
20240416085016 ,0,1013.28,35.81,61.54,29837.53,214.94,416,8,0.25,,,
20240417070016 ,0,1011.58,34.86,72.28,38856.28,561.41,417,7,0.25,,,
20240417071016 ,0,1011.44,35.69,65.02,46380.22,690.53,417,7,0.25,,,
20240417072016 ,0,1011.44,38.1,53.57,52604.41,792.76,417,7,0.25,,,
20240417073016 ,0.23,1011.36,40.62,47.96,61067.69,946.65,417,7,0.25,,,
20240417074016 ,0,1011.37,41.53,42.78,67977.58,1054.39,417,7,0.25,,,
20240417075016 ,0,1011.49,43.88,40,74406.44,1137.97,417,7,0.25,,,
20240417080016 ,0,1011.45,43.14,39.93,80821.28,1223.4,417,8,0.25,,,
20240417081016 ,0,1011.38,45.22,37.75,86178.48,1314.37,417,8,0.25,,,
20240417082016 ,0,1011.36,45,35.72,90605.27,1372.29,417,8,0.25,,,
20240417083016 ,0,1011.25,44.76,36.15,96015.3,1471.64,417,8,0.25,,,
20240417084016 ,0,1011.26,47.58,32.13,98330.21,1489.64,417,8,0.25,,,
20240417085016 ,0,1011.19,47.24,31.34,101499.53,1528.88,417,8,0.25,,,
20240418070016 ,0,1008.02,29.49,76.32,6175.83,10.51,418,7,0.25,,,
20240418071016 ,0,1008.22,30.83,72.18,12401.17,51.31,418,7,0.25,,,
20240418072016 ,0,1008.37,32.84,65.71,19237.5,105.21,418,7,0.25,,,
20240418073016 ,0,1008.55,33.7,61.81,17603.25,84.12,418,7,0.25,,,
20240418074016 ,0.24,1008.74,34.93,59.26,22337.67,138.72,418,7,0.25,,,
20240418075016 ,0,1008.65,35,59.39,23692.42,137.67,418,7,0.25,,,
20240418080016 ,0,1008.84,33.03,63.73,11298.42,31.3,418,8,0.25,,,
20240418081016 ,0,1009.01,33.73,63.3,25196.1,162.58,418,8,0.25,,,
20240418082016 ,0,1009.34,34.2,60.17,26180.25,155.16,418,8,0.25,,,
20240418083016 ,1,1009.4,33.97,60.29,17427.17,70.65,418,8,0.25,,,
20240418084016 ,0.48,1009.44,32.02,69.84,9669.17,20.37,418,8,0.25,,,
20240418085016 ,0,1009.56,29.8,80.35,8944.59,16.22,418,8,0.25,,,
20240419070016 ,0,1013.17,25.79,87.68,8891.75,19.12,419,7,0.25,,,
20240419071016 ,0,1013.12,26.68,83.98,10312.17,24.72,419,7,0.25,,,
20240419072016 ,0,1013.22,27.17,82.17,11251.25,29.84,419,7,0.25,,,
20240419073016 ,0,1013.26,27.75,80.14,12882.17,38.44,419,7,0.25,,,
20240419074016 ,0,1013.2,28.21,76.36,14236.83,46.27,419,7,0.25,,,
20240419075016 ,0,1013.21,28.76,74.39,16465.75,60.39,419,7,0.25,,,
20240419080016 ,0,1013.21,29.56,71.33,17870.25,69.97,419,8,0.25,,,
20240419081016 ,0,1013.29,30.23,69.19,19279.75,80.61,419,8,0.25,,,
20240419082016 ,0,1013.36,30.66,67.09,19173.58,78.65,419,8,0.25,,,
20240419083016 ,0,1013.4,30.78,66.38,17767.91,67.56,419,8,0.25,,,
20240419084016 ,0,1013.43,30.47,65.2,14739.17,46.26,419,8,0.25,,,
20240419085016 ,0,1013.38,30.24,66.59,15104.66,48.24,419,8,0.25,,,
20240420070016 ,0,1009.65,35.11,52.79,41468.52,597.23,420,7,0.25,,,
20240420071016 ,0,1009.72,37.73,47.2,49103.38,716.46,420,7,0.25,,,
20240420072016 ,0,1009.76,39.29,42.19,53764.11,760.55,420,7,0.25,,,
20240420073016 ,0,1009.73,40.51,38.74,62985.5,938.27,420,7,0.25,,,
20240420074016 ,0,1009.84,41.07,37.1,72401.13,1100.72,420,7,0.25,,,
20240420075016 ,0,1009.98,42.89,33.51,80896.03,1223.58,420,7,0.25,,,
20240420080016 ,0,1009.96,44.66,31.18,87543.93,1304.22,420,8,0.25,,,
20240420081016 ,0,1009.97,44.73,29.69,93509.2,1410.53,420,8,0.25,,,
20240420082016 ,0,1010.13,42.84,31.34,98008.75,1494.69,420,8,0.25,,,
20240420083016 ,0,1010.16,41.89,32.91,99717.03,1515.68,420,8,0.25,,,
20240420084016 ,0,1010.14,44.03,30.84,100857.33,1507.27,420,8,0.25,,,
20240420085016 ,0,1010.21,46.23,27.38,106217.77,1557.43,420,8,0.25,,,
20240421070016 ,0,1010.2,34.01,54.32,24045.58,179.5,421,7,0.25,,,
20240421071016 ,0,1010.43,34.51,53.69,24283.67,167.53,421,7,0.25,,,
20240421072016 ,0,1010.5,35.05,51.77,29340.67,227.55,421,7,0.25,,,
20240421073016 ,0,1010.55,33.4,54.89,17490.5,78.09,421,7,0.25,,,
20240421074016 ,0,1010.73,32.17,58.6,17862.58,77.72,421,7,0.25,,,
20240421075016 ,0,1010.81,32.88,57.4,25547.92,153.03,421,7,0.25,,,
20240421080016 ,0,1010.78,35.31,53.13,35797.75,281.57,421,8,0.25,,,
20240421081016 ,0,1010.79,39.41,43.18,77457.71,1117.34,421,8,0.25,,,
20240421082016 ,0,1010.88,42.1,34.74,58375.44,665.9,421,8,0.25,,,
20240421083016 ,0,1010.84,39.6,39.04,33815.6,245.39,421,8,0.25,,,
20240421084016 ,0,1010.76,36.96,43.24,32097.58,223.52,421,8,0.25,,,
20240421085016 ,0,1010.79,37.08,44.6,39765.8,332.11,421,8,0.25,,,
20240422070016 ,0.17,1010.14,39.34,43.36,43151.25,639.53,422,7,0.25,,,
20240422071016 ,0.76,1010.32,39.5,38.89,44808.31,596.09,422,7,0.25,,,
20240422072016 ,0,1010.33,38.32,42.37,45240.1,550.21,422,7,0.25,,,
20240422073016 ,0,1010.32,37.96,43.64,44755.78,492.84,422,7,0.25,,,
20240422074016 ,0.58,1010.41,39.58,41.72,52044.51,636.65,422,7,0.25,,,
20240422075016 ,0,1010.53,40.93,38.79,55400.25,712.8,422,7,0.25,,,
20240422080016 ,0,1010.45,43.25,33.81,58285.77,714.12,422,8,0.25,,,
20240422081016 ,0,1010.43,41.04,35.59,31822.2,221.08,422,8,0.25,,,
20240422082016 ,0,1010.43,39.8,39.02,54096.32,641.76,422,8,0.25,,,
20240422083016 ,0,1010.39,43.68,33.48,72801.83,1023.46,422,8,0.25,,,
20240422084016 ,0,1010.4,45.01,30.36,65940.64,852.33,422,8,0.25,,,
20240422085016 ,0,1010.42,46.17,27.59,85039.62,1263.22,422,8,0.25,,,
20240423070016 ,0,1009.17,30.14,90.68,13071.17,45.52,423,7,0.25,,,
20240423071016 ,0,1009.46,29.65,88.88,10108.5,22.3,423,7,0.25,,,
20240423072016 ,0,1009.55,29.39,89.02,11763.17,30.35,423,7,0.25,,,
20240423073016 ,0,1009.52,28.87,88.74,7125.67,11.58,423,7,0.25,,,
20240423074016 ,0,1009.71,28.44,89.52,7867.25,17,423,7,0.25,,,
20240423075016 ,0,1009.76,28.62,86.96,8028.83,14.76,423,7,0.25,,,
20240423080016 ,0,1009.82,28.03,88.43,5388.08,6.31,423,8,0.25,,,
20240423081016 ,0,1009.82,28.01,91.08,6389.83,8.89,423,8,0.25,,,
20240423082016 ,0,1009.76,28.59,86.45,17625.83,105.3,423,8,0.25,,,
20240423083016 ,0,1010.04,30.85,80.61,20580.08,98.48,423,8,0.25,,,
20240423084016 ,0,1010.02,31.68,77.45,22123.25,106.73,423,8,0.25,,,
20240423085016 ,0,1009.9,32.8,74.3,26633.53,169.08,423,8,0.25,,,
20240429070016 ,0,1010.09,29.96,84.71,27470.31,269.05,429,7,0.25,,,
20240429071016 ,0,1009.96,34.34,69.46,31682.9,261.47,429,7,0.25,,,
20240429072016 ,0,1009.92,35.83,62.84,30912.86,268.49,429,7,0.25,,,
20240429073016 ,0,1009.87,36.75,59.51,46806.68,560.79,429,7,0.25,,,
20240429074016 ,0,1009.82,41.9,45.24,71716.16,1083.41,429,7,0.25,,,
20240429075016 ,0,1009.77,45.34,37.66,79382.88,1194.2,429,7,0.25,,,
20240429080016 ,0,1010.01,46.16,31.71,84829.21,1277.34,429,8,0.25,,,
20240429081016 ,0,1010.04,46.22,32.39,84297.87,1211.34,429,8,0.25,,,
20240429082016 ,0,1010,47.35,30.29,70488.71,915.78,429,8,0.25,,,
20240429083016 ,0.11,1010.08,46.04,32.13,77403.32,1042.18,429,8,0.25,,,
20240429084016 ,0,1010.06,48.18,27.09,103477.35,1523.99,429,8,0.25,,,
20240429085016 ,0,1010.05,47.59,27.99,97940.65,1382.14,429,8,0.25,,,
20240430070016 ,0,1007.17,37.79,45.4,31465.42,386.68,430,7,0.25,,,
20240430071016 ,0,1007.2,37.92,42.86,38300.01,500.11,430,7,0.25,,,
20240430072016 ,0,1007.19,38.88,41.33,46143.39,635.15,430,7,0.25,,,
20240430073016 ,0,1007.21,40.79,38.09,53582.63,757.27,430,7,0.25,,,
20240430074016 ,0,1007.2,41.89,35.48,60573.91,867.98,430,7,0.25,,,
20240430075016 ,0.26,1007.1,43.59,33.93,67319.02,977.82,430,7,0.25,,,
20240430080016 ,0.48,1006.92,45.91,30.23,72735.7,1071.6,430,8,0.25,,,
20240430081016 ,0,1006.9,46.6,28.24,78999.97,1201.94,430,8,0.25,,,
20240430082016 ,0,1006.95,48.46,25.78,82649.06,1267.64,430,8,0.25,,,
20240430083016 ,0,1006.82,48.69,24.9,83162.25,1271.22,430,8,0.25,,,
20240430084016 ,0,1006.73,50.06,23.25,89683.83,1374.45,430,8,0.25,,,
20240430085016 ,0,1006.75,49.91,23.22,92001.08,1405.63,430,8,0.25,,,
20240503070016 ,0,1015.56,24.19,100,5623.33,7.8,503,7,0.25,,,
20240503071016 ,0,1015.64,24.42,100,6802.5,11.14,503,7,0.25,,,
20240503072016 ,0,1015.59,24.83,100,10457.83,26.32,503,7,0.25,,,
20240503073016 ,0,1015.6,25.86,100,15495.33,54.74,503,7,0.25,,,
20240503074016 ,0,1015.66,26.62,100,16236.5,60.27,503,7,0.25,,,
20240503075016 ,0,1015.74,26.83,100,16555.67,61.39,503,7,0.25,,,
20240503080016 ,0,1015.87,27.08,100,14918.17,51.59,503,8,0.25,,,
20240503081016 ,0,1015.9,26.88,100,12613.33,34.39,503,8,0.25,,,
20240503082016 ,0,1015.96,26.87,100,14717.5,46.78,503,8,0.25,,,
20240503083016 ,0,1016.03,27.19,100,14548.58,47.74,503,8,0.25,,,
20240503084016 ,0,1016.08,27.14,100,15118,51.92,503,8,0.25,,,
20240503085016 ,0,1016.04,27.74,100,19156.67,81.02,503,8,0.25,,,
20240504070016 ,0,1013.07,37.92,63.68,44586.76,630.87,504,7,0.25,,,
20240504071016 ,0,1013.08,40.2,54.36,53495.12,794.9,504,7,0.25,,,
20240504072016 ,0,1013.02,40.44,50.66,51489.45,657.7,504,7,0.25,,,
20240504073016 ,0,1013.1,41.21,47.78,62646.97,865.1,504,7,0.25,,,
20240504074016 ,0,1013.2,42.68,45.16,73839.7,1063.56,504,7,0.25,,,
20240504075016 ,0,1013.24,43.65,41.41,82534.42,1220.75,504,7,0.25,,,
20240504080016 ,0,1013.17,45.28,38.34,88357.02,1318.22,504,8,0.25,,,
20240504081016 ,0,1013.14,46.29,35.97,93581.07,1389.51,504,8,0.25,,,
20240504082016 ,0,1013.13,46.7,34.43,96670.26,1406.96,504,8,0.25,,,
20240504083016 ,0,1013.14,47.9,32.12,98862.8,1403.85,504,8,0.25,,,
20240504084016 ,0,1013.11,48.74,30.27,104501.57,1482.76,504,8,0.25,,,
20240504085016 ,0,1013.02,49.07,29.29,100815.1,1398.62,504,8,0.25,,,
20240505070016 ,0,1010.95,32.17,78.53,27865.1,270.69,505,7,0.25,,,
20240505071016 ,0,1011.12,31.65,81.89,15442.17,53.6,505,7,0.25,,,
20240505072016 ,0,1011.28,31.35,82.22,15997.08,70.84,505,7,0.25,,,
20240505073016 ,0,1011.39,36.58,67.85,55945.72,714.87,505,7,0.25,,,
20240505074016 ,0,1011.45,36.97,61.93,26216.09,150.49,505,7,0.25,,,
20240505075016 ,0,1011.7,35.55,63.1,53899.91,658.08,505,7,0.25,,,
20240505080016 ,0,1011.8,35.29,65.35,49138.06,529.62,505,8,0.25,,,
20240505081016 ,0,1011.88,31.84,82.6,27299.83,157.59,505,8,0.25,,,
20240505082016 ,0,1011.87,30.92,87.88,26797.66,161.09,505,8,0.25,,,
20240505083016 ,0,1011.86,33.33,78.67,55717.14,574,505,8,0.25,,,
20240505084016 ,0,1012.04,32.54,80.44,25099.17,137.93,505,8,0.25,,,
20240505085016 ,0,1012.17,30.89,87.95,21486.25,98.85,505,8,0.25,,,
20240506070016 ,0,1011.28,42.6,44.46,52232.46,844.28,506,7,0.25,,,
20240506071016 ,0,1011.34,43.72,40.12,61288.53,1007,506,7,0.25,,,
20240506072016 ,0,1011.35,44.93,37.76,70411.62,1142.05,506,7,0.25,,,
20240506073016 ,0,1011.43,46.74,34.7,79040.04,1231.32,506,7,0.25,,,
20240506074016 ,0,1011.51,48,31.22,89581.94,1359.13,506,7,0.25,,,
20240506075016 ,0,1011.47,48.12,29.73,95511.99,1396.84,506,7,0.25,,,
20240506080016 ,0,1011.56,48.86,29.25,101789.19,1488.71,506,8,0.25,,,
20240506081016 ,0,1011.49,49.15,28.75,85832.41,1201.79,506,8,0.25,,,
20240506082016 ,0,1011.47,47.47,29.71,92046,1299.77,506,8,0.25,,,
20240506083016 ,0,1011.46,48.97,27.22,102007.87,1424.32,506,8,0.25,,,
20240506084016 ,0,1011.49,48.11,27.9,114756.88,1605.15,506,8,0.25,,,
20240506085016 ,0,1011.54,50.79,25.74,96766.57,1290.55,506,8,0.25,,,
20240507070016 ,0,1015.25,34.09,86.8,25676.58,158.92,507,7,0.25,,,
20240507071016 ,0,1015.25,36.39,75.79,45222.66,609.52,507,7,0.25,,,
20240507072016 ,0,1015.28,40.58,57.53,63895.25,1069.86,507,7,0.25,,,
20240507073016 ,0,1015.32,42.52,49.32,57619.67,805.55,507,7,0.25,,,
20240507074016 ,0,1015.34,38.61,54.87,56116.85,687.34,507,7,0.25,,,
20240507075016 ,0,1015.38,40.4,50,74719.81,1080.42,507,7,0.25,,,
20240507080016 ,0,1015.32,41.41,47.73,83880.82,1280.47,507,8,0.25,,,
20240507081016 ,0,1015.22,41.95,46.74,94328.75,1468.94,507,8,0.25,,,
20240507082016 ,0,1015.25,43.68,43.39,96177.55,1463.07,507,8,0.25,,,
20240507083016 ,0,1015.28,43.93,42.44,99879.65,1521.98,507,8,0.25,,,
20240507084016 ,0,1015.36,44.36,39.98,104051.63,1572.64,507,8,0.25,,,
20240507085016 ,0,1015.41,43.44,40.88,106784.86,1574.15,507,8,0.25,,,
20240508070016 ,0,1015.05,30.14,80.63,14231.08,48.7,508,7,0.25,,,
20240508071016 ,0,1015.16,30.16,78.46,12007.87,32.62,508,7,0.25,,,
20240508072016 ,0,1015.28,29.94,78.96,10190.92,23,508,7,0.25,,,
20240508073016 ,0,1015.32,29.94,79.31,9652.83,20.92,508,7,0.25,,,
20240508074016 ,0,1015.4,29.81,79.85,10224.17,25.47,508,7,0.25,,,
20240508075016 ,0,1015.56,29.33,82.95,6107.08,9.66,508,7,0.25,,,
20240508080016 ,0,1015.64,27.84,91.06,3755.33,4.04,508,8,0.25,,,
20240508081016 ,0,1015.7,27.29,95.09,2676,1.9,508,8,0.25,,,
20240508082016 ,0,1015.74,26.49,99.61,1098.17,0.31,508,8,0.25,,,
20240508083016 ,0,1015.7,26.46,100,1434.67,0.47,508,8,0.25,,,
20240508084016 ,0,1015.8,26.58,100,1728.42,0.68,508,8,0.25,,,
20240508085016 ,0,1015.98,26.19,100,2158.34,0.93,508,8,0.25,,,
20240509070016 ,0,1019.08,24.41,86.93,4711.25,5.35,509,7,0.25,,,
20240509071016 ,0,1019.15,24.48,84.53,5055.58,6.1,509,7,0.25,,,
20240509072016 ,0,1019.25,24.55,84.71,6111,8.84,509,7,0.25,,,
20240509073016 ,0,1019.33,24.62,82.6,5921.58,8.31,509,7,0.25,,,
20240509074016 ,0,1019.4,24.72,80.26,6654.5,10.51,509,7,0.25,,,
20240509075016 ,0,1019.48,25.08,80.68,9328.67,20.73,509,7,0.25,,,
20240509080016 ,0,1019.46,25.68,79.37,11253,30.09,509,8,0.25,,,
20240509081016 ,0,1019.6,25.92,79.54,9018.92,19.25,509,8,0.25,,,
20240509082016 ,0,1019.59,25.93,77.34,10595.67,26.98,509,8,0.25,,,
20240509083016 ,0,1019.69,26.64,74.5,13425.92,43.69,509,8,0.25,,,
20240509084016 ,0,1019.8,27.08,71.66,12321.33,37.63,509,8,0.25,,,
20240509085016 ,0,1019.78,27.3,70.69,17907.33,78.39,509,8,0.25,,,
20240510070016 ,0,1018.19,25.2,91.46,7875.5,14.5,510,7,0.25,,,
20240510071016 ,0,1018.21,25.81,89.29,8111.5,15.54,510,7,0.25,,,
20240510072016 ,0,1018.32,26.18,87.18,8239.33,16.41,510,7,0.25,,,
20240510073016 ,0,1018.27,26.68,86.26,8896.92,18.94,510,7,0.25,,,
20240510074016 ,0,1018.26,27.03,84.57,10528.66,26.4,510,7,0.25,,,
20240510075016 ,0,1018.29,27.12,83.53,10520.42,25.68,510,7,0.25,,,
20240510080016 ,0,1018.31,27.04,83.47,10447.33,25.41,510,8,0.25,,,
20240510081016 ,0,1018.38,27.25,86.27,14594.58,29.71,510,8,0.25,,,
20240510082016 ,0,1018.53,27.51,91.25,21043.5,9.26,510,8,0.25,,,
20240510083016 ,0,1018.57,29,82.87,23977.58,11.13,510,8,0.25,,,
20240510084016 ,0,1018.6,30.87,73.32,32612.42,15.75,510,8,0.25,,,
20240510085016 ,0,1018.6,32.7,66.08,37400.08,17.8,510,8,0.25,,,
20240511070016 ,0,1016.43,30.51,68.17,12339.75,38.26,511,7,0.25,,,
20240511071016 ,0,1016.49,30.01,69.7,11316.58,32.63,511,7,0.25,,,
20240511072016 ,0,1016.62,29.48,71.26,10898.42,30,511,7,0.25,,,
20240511073016 ,0,1016.66,29.26,72.42,10425.5,27.2,511,7,0.25,,,
20240511074016 ,0,1016.65,29.18,72.32,12148.34,36.5,511,7,0.25,,,
20240511075016 ,0,1016.65,29.88,70.05,14851.5,52.27,511,7,0.25,,,
20240511080016 ,0,1016.63,30.4,68.42,16452.75,62.45,511,8,0.25,,,
20240511081016 ,0,1016.65,31.21,66,21928.83,108.37,511,8,0.25,,,
20240511082016 ,0,1016.61,32.78,61.65,26261.75,156.58,511,8,0.25,,,
20240511083016 ,0,1016.58,34.22,57.71,30213.58,262.74,511,8,0.25,,,
20240511084016 ,0,1016.59,35.6,52.93,32274.36,231.52,511,8,0.25,,,
20240511085016 ,0,1016.6,35.39,52.88,21595.58,110.78,511,8,0.25,,,
20240512070016 ,0,1012.86,31.92,74.76,21598.17,118.79,512,7,0.25,,,
20240512071016 ,0,1012.93,31.84,71.36,15910.33,63.48,512,7,0.25,,,
20240512072016 ,0,1012.86,30.53,75.9,14775.92,54.43,512,7,0.25,,,
20240512073016 ,0,1012.86,30.22,77,16408.58,67.06,512,7,0.25,,,
20240512074016 ,0,1012.86,31.64,74.98,22307.92,116.69,512,7,0.25,,,
20240512075016 ,0,1012.83,33.09,69.72,27254,173.69,512,7,0.25,,,
20240512080016 ,0,1012.65,35.79,61.88,40044.81,360.12,512,8,0.25,,,
20240512081016 ,0,1012.53,37.24,56.44,39565.61,343.17,512,8,0.25,,,
20240512082016 ,0,1012.49,37.14,56.11,28407.75,187.76,512,8,0.25,,,
20240512083016 ,0,1012.41,34.92,60.09,27772.67,176.55,512,8,0.25,,,
20240512084016 ,0,1012.31,34.85,62.19,30573.5,210.68,512,8,0.25,,,
20240512085016 ,0,1012.36,35.65,58.32,30331.83,197.72,512,8,0.25,,,
20240513070016 ,0,1012.31,24.25,100,1973.5,0.98,513,7,0.25,,,
20240513071016 ,0,1012.57,24.29,100,2897.75,2.07,513,7,0.25,,,
20240513072016 ,0,1012.57,24.41,100,3339.67,2.72,513,7,0.25,,,
20240513073016 ,0,1012.7,24.48,100,3290.83,2.65,513,7,0.25,,,
20240513074016 ,0,1012.75,24.35,100,2355.33,1.36,513,7,0.25,,,
20240513075016 ,0,1012.86,24.38,100,3260.33,2.54,513,7,0.25,,,
20240513080016 ,0,1012.89,24.48,100,4290.58,4.41,513,8,0.25,,,
20240513081016 ,0,1012.98,24.39,100,3544.42,2.94,513,8,0.25,,,
20240513082016 ,0,1013.14,24.32,100,3683.5,3.1,513,8,0.25,,,
20240513083016 ,0,1013.35,24.38,100,3494,2.84,513,8,0.25,,,
20240513084016 ,0,1013.48,24.4,100,3194.58,2.23,513,8,0.25,,,
20240513085016 ,0,1013.56,24.27,100,3164.25,2.18,513,8,0.25,,,
20240514070016 ,0,1014.96,25.42,91.37,8958,19.71,514,7,0.25,,,
20240514071016 ,0,1015.06,26.1,85.81,8554.42,17.72,514,7,0.25,,,
20240514072016 ,0,1015.12,26.31,85.26,7856,14.73,514,7,0.25,,,
20240514073016 ,0,1015.28,26.66,82.16,8511.33,17.58,514,7,0.25,,,
20240514074016 ,0,1015.36,26.58,81.67,7273.34,12.66,514,7,0.25,,,
20240514075016 ,0,1015.47,26.37,82.06,6987,11.5,514,7,0.25,,,
20240514080016 ,0,1015.49,26.47,83.93,8269.42,16.24,514,8,0.25,,,
20240514081016 ,0,1015.54,26.95,83.02,8442.33,16.75,514,8,0.25,,,
20240514082016 ,0,1015.4,27.18,82.46,11216.83,30.15,514,8,0.25,,,
20240514083016 ,0,1015.41,27.61,78.99,10656.34,27.07,514,8,0.25,,,
20240514084016 ,0,1015.5,27.51,76.37,11715.42,32.85,514,8,0.25,,,
20240514085016 ,0,1015.48,27.59,75.07,10916.66,28.41,514,8,0.25,,,
20240516070016 ,0,1018.95,39.02,33.09,41951.37,608.84,516,7,0.25,,,
20240516071016 ,0,1018.96,38.84,30.65,49730.67,756.17,516,7,0.25,,,
20240516072016 ,0,1018.87,35.78,35.04,40489.59,471.68,516,7,0.25,,,
20240516073016 ,0,1018.83,32.73,39.26,31230.41,247.54,516,7,0.25,,,
20240516074016 ,0,1018.71,36.71,33.12,63023,918.16,516,7,0.25,,,
20240516075016 ,0,1018.63,43.2,24.21,90590.53,1483.01,516,7,0.25,,,
20240516080016 ,0,1018.6,44.86,20.47,85691.53,1330.36,516,8,0.25,,,
20240516081016 ,0,1018.71,45.34,19.91,79868.94,1191.65,516,8,0.25,,,
20240516082016 ,0,1018.85,43.74,20,89220.59,1401.09,516,8,0.25,,,
20240516083016 ,0,1018.8,43.01,20.32,71468.19,981.77,516,8,0.25,,,
20240516084016 ,0,1018.73,41.52,21.76,77201.66,1131.83,516,8,0.25,,,
20240516085016 ,0,1018.73,41.35,22.15,87376.1,1316.01,516,8,0.25,,,
20240517070016 ,0,1014.82,27.7,75,10169.92,27.72,517,7,0.25,,,
20240517071016 ,0,1014.8,27.94,73.08,19812.42,104.09,517,7,0.25,,,
20240517072016 ,0,1014.76,29.56,68.56,27751.73,217.87,517,7,0.25,,,
20240517073016 ,0,1014.73,34.11,54.25,49472.16,628.28,517,7,0.25,,,
20240517074016 ,0,1014.77,34.41,50.21,41503.73,425.35,517,7,0.25,,,
20240517075016 ,0,1014.87,34.17,51.47,28233.5,186.86,517,7,0.25,,,
20240517080016 ,0,1014.83,35.25,48.3,41765.37,392.16,517,8,0.25,,,
20240517081016 ,0,1014.82,37.42,42.74,38706.16,375.59,517,8,0.25,,,
20240517082016 ,0,1014.79,35.98,44.7,31140.08,221.95,517,8,0.25,,,
20240517083016 ,0,1014.74,37,42.69,61864.86,799.94,517,8,0.25,,,
20240517084016 ,0,1014.72,40.58,36.19,75933.42,1069.17,517,8,0.25,,,
20240517085016 ,0,1014.61,46.32,26.81,109690.59,1677.01,517,8,0.25,,,
20240518070016 ,0,1011.95,29.91,80.01,15206.75,59.49,518,7,0.25,,,
20240518071016 ,0,1012.05,30.34,79.84,15923.75,65.04,518,7,0.25,,,
20240518072016 ,0,1012.2,30.51,78.44,12885.17,42.52,518,7,0.25,,,
20240518073016 ,0,1012.32,30.06,80.01,12111.58,37.48,518,7,0.25,,,
20240518074016 ,0,1012.41,29.72,81.18,17420.25,80.8,518,7,0.25,,,
20240518075016 ,0,1012.48,32.74,69.81,43823.09,427.98,518,7,0.25,,,
20240518080016 ,0,1012.54,34.22,64.08,42474.77,429.26,518,8,0.25,,,
20240518081016 ,0,1012.44,39.95,48.48,74408.05,1103.84,518,8,0.25,,,
20240518082016 ,0,1012.36,41.27,41.57,50362.89,565.14,518,8,0.25,,,
20240518083016 ,0,1012.3,39.48,43.75,44540.35,492.76,518,8,0.25,,,
20240518084016 ,0,1012.12,44.87,33.59,105798.74,1656.46,518,8,0.25,,,
20240518085016 ,0,1012.11,44.66,31.21,79048.63,1082.06,518,8,0.25,,,
20240519070016 ,0,1010.49,29.14,86.3,12637.58,39.73,519,7,0.25,,,
20240519071016 ,0,1010.46,30.24,84.46,13212.08,42.69,519,7,0.25,,,
20240519072016 ,0,1010.39,30.38,83.9,9970.58,24.48,519,7,0.25,,,
20240519073016 ,0,1010.28,30.36,83.53,9877.33,24.09,519,7,0.25,,,
20240519074016 ,0,1010.27,30.44,83.19,9848.08,24.05,519,7,0.25,,,
20240519075016 ,0,1010.32,30.52,81.97,11099.67,31.96,519,7,0.25,,,
20240519080016 ,0,1010.33,31.22,80.14,15740.75,60.5,519,8,0.25,,,
20240519081016 ,0,1010.36,32.43,75.68,23802.41,131.31,519,8,0.25,,,
20240519082016 ,0,1010.55,31.78,73.72,20617.92,99.59,519,8,0.25,,,
20240519083016 ,0,1010.66,31.27,76.25,17668.42,73.4,519,8,0.25,,,
20240519084016 ,0,1010.78,31.42,76.15,17047.42,69.9,519,8,0.25,,,
20240519085016 ,0,1010.7,31.7,75.73,16789.83,66.29,519,8,0.25,,,
20240520070016 ,0,1010.2,29.52,88.3,8313,17.41,520,7,0.25,,,
20240520071016 ,0,1010.28,29.58,87.9,12803.58,39.81,520,7,0.25,,,
20240520072016 ,0,1010.33,29.95,86.47,10858.25,28.65,520,7,0.25,,,
20240520073016 ,0,1010.24,30.46,84.37,12490.5,37.56,520,7,0.25,,,
20240520074016 ,0,1010.19,30.76,83.82,11630.17,33.34,520,7,0.25,,,
20240520075016 ,0,1010.16,30.73,82.38,11303.33,30.98,520,7,0.25,,,
20240520080016 ,0,1010.15,30.51,82.69,14479.33,51.91,520,8,0.25,,,
20240520081016 ,0,1010.3,31.73,78.65,23421.92,128.15,520,8,0.25,,,
20240520082016 ,0,1010.35,34.39,71.28,35475.13,273.36,520,8,0.25,,,
20240520083016 ,0,1010.4,35.67,66.49,29444,199.21,520,8,0.25,,,
20240520084016 ,0,1010.43,36.67,62.98,40664.44,348.35,520,8,0.25,,,
20240520085016 ,0,1010.44,37.62,59.24,37659.41,318.75,520,8,0.25,,,
20240521070016 ,0,1010.48,30.21,98.23,12582.33,39.35,521,7,0.25,,,
20240521071016 ,0,1010.43,30.65,94.56,12671.25,38.68,521,7,0.25,,,
20240521072016 ,0,1010.39,30.58,94.09,12452.17,37.1,521,7,0.25,,,
20240521073016 ,0,1010.32,31.16,91.7,15642,59.24,521,7,0.25,,,
20240521074016 ,0,1010.3,31.95,88.54,16247.17,64.02,521,7,0.25,,,
20240521075016 ,0,1010.33,32.29,86.4,14994.92,54.11,521,7,0.25,,,
20240521080016 ,0,1010.44,32.13,86.09,14602.42,50.39,521,8,0.25,,,
20240521081016 ,0,1010.44,32.13,85.98,16492.58,64.7,521,8,0.25,,,
20240521082016 ,0,1010.51,32.17,86.32,18712.25,81.01,521,8,0.25,,,
20240521083016 ,0,1010.6,32.89,84.11,21238.92,104.27,521,8,0.25,,,
20240521084016 ,0,1010.65,33.04,81.9,20045.67,95.04,521,8,0.25,,,
20240521085016 ,0,1010.77,32.71,83.6,18545.42,80.2,521,8,0.25,,,
20240522070016 ,0,1010.6,29,100,13892.33,45.15,522,7,0.25,,,
20240522071016 ,0,1010.59,29.45,100,11144.5,30.78,522,7,0.25,,,
20240522072016 ,0,1010.58,29.26,100,11107.25,30.9,522,7,0.25,,,
20240522073016 ,0,1010.51,31.35,100,29439.95,206.94,522,7,0.25,,,
20240522074016 ,0,1010.38,34.07,98.51,29715.5,201.56,522,7,0.25,,,
20240522075016 ,0,1010.42,34.72,95.78,28386.92,176.57,522,7,0.25,,,
20240522080016 ,0,1010.5,35.48,92.17,30939,209.35,522,8,0.25,,,
20240522081016 ,0,1010.68,37.43,83.76,57280.23,682.82,522,8,0.25,,,
20240522082016 ,0,1010.76,41.79,71.32,70748.54,906.83,522,8,0.25,,,
20240522083016 ,0,1010.82,40.15,71.95,41502.51,321.94,522,8,0.25,,,
20240522084016 ,0,1010.82,41.07,68.09,82317.18,1093.93,522,8,0.25,,,
20240522085016 ,0,1010.88,46.85,48.6,117123.54,1748.57,522,8,0.25,,,
20240523070016 ,0,1010.7,27.3,100,7455,14.75,523,7,0.25,,,
20240523071016 ,0,1010.62,28.25,100,13741.67,46.9,523,7,0.25,,,
20240523072016 ,0,1010.64,29.95,100,18563.83,83.1,523,7,0.25,,,
20240523073016 ,0,1010.69,30.8,100,19250.75,91.43,523,7,0.25,,,
20240523074016 ,0,1010.69,32.16,100,24683.83,145.73,523,7,0.25,,,
20240523075016 ,0,1010.68,33.69,100,26615,162.43,523,7,0.25,,,
20240523080016 ,0,1010.63,33.11,100,21452.33,116.1,523,8,0.25,,,
20240523081016 ,0,1010.59,36.49,91.39,56082.27,681.01,523,8,0.25,,,
20240523082016 ,0,1010.61,37.14,86.76,27590.61,208.16,523,8,0.25,,,
20240523083016 ,0,1010.58,35.99,91.73,34369.99,282.36,523,8,0.25,,,
20240523084016 ,0,1010.64,37.51,84.72,71588.04,969.56,523,8,0.25,,,
20240523085016 ,0,1010.69,40.1,71.82,60731.68,759.7,523,8,0.25,,,
20240524070016 ,0,1011.84,29.01,100,9307.08,22.16,524,7,0.25,,,
20240524071016 ,0,1012.05,28.98,100,8274,16.19,524,7,0.25,,,
20240524072016 ,0,1012.15,29.1,100,10899,28.23,524,7,0.25,,,
20240524073016 ,0,1012.22,29.43,100,13382.92,41.02,524,7,0.25,,,
20240524074016 ,0,1012.29,30.32,100,14432.17,47.28,524,7,0.25,,,
20240524075016 ,0,1012.27,31.12,100,16930.08,66.36,524,7,0.25,,,
20240524080016 ,0,1012.44,31.66,100,14346.17,48.32,524,8,0.25,,,
20240524081016 ,0,1012.45,31.2,100,12380.58,35.82,524,8,0.25,,,
20240524082016 ,0,1012.6,31.04,100,14927.5,52.65,524,8,0.25,,,
20240524083016 ,0,1012.59,31.98,100,19334.92,85.53,524,8,0.25,,,
20240524084016 ,0,1012.42,32.47,100,17336.42,69.64,524,8,0.25,,,
20240524085016 ,0,1012.35,32.32,100,16904.75,66.46,524,8,0.25,,,
20240527070016 ,0,1006.35,41.12,65.31,40994.22,452.79,527,7,0.25,,,
20240527071016 ,0,1006.46,44.84,53.74,78030.73,1287.88,527,7,0.25,,,
20240527072016 ,0,1006.45,44.56,49.94,49079.76,605.12,527,7,0.25,,,
20240527073016 ,0,1006.58,41.27,59.54,44954.16,453.13,527,7,0.25,,,
20240527074016 ,0,1006.42,42.86,55.87,82980.11,1244.65,527,7,0.25,,,
20240527075016 ,0,1006.27,44.29,50.04,53507.85,619.43,527,7,0.25,,,
20240527080016 ,0,1006.2,44.19,49.12,63887.19,834.37,527,8,0.25,,,
20240527081016 ,0,1006.24,40.08,59.66,22530.92,127.98,527,8,0.25,,,
20240527082016 ,0,1006.26,37.99,69.12,39950.03,417.63,527,8,0.25,,,
20240527083016 ,0,1006.06,40.96,60.25,49431.19,550.88,527,8,0.25,,,
20240527084016 ,0,1005.92,39.32,64.23,28294.83,176.88,527,8,0.25,,,
20240527085016 ,0,1005.84,37.22,73.02,26396.5,165.53,527,8,0.25,,,
20240528070016 ,0,1002.4,30.27,100,6466,10.42,528,7,0.25,,,
20240528071016 ,0,1002.38,30.17,100,6387.5,9.74,528,7,0.25,,,
20240528072016 ,0,1002.64,29.5,100,2859.58,1.9,528,7,0.25,,,
20240528073016 ,0,1002.76,29.17,100,1953.08,0.82,528,7,0.25,,,
20240528074016 ,0,1003.05,28.88,100,1575.42,0.51,528,7,0.25,,,
20240528075016 ,0,1003.43,28.57,100,1133.67,0.23,528,7,0.25,,,
20240528080016 ,0,1003.6,27.5,100,1318.75,0.25,528,8,0.25,,,
20240528081016 ,0,1003.58,26.62,100,1332.84,0.27,528,8,0.25,,,
20240528082016 ,0,1003.41,26.52,100,1334.5,0.29,528,8,0.25,,,
20240528083016 ,0,1003.68,26.43,100,1220.5,0.26,528,8,0.25,,,
20240528084016 ,0,1003.86,26.24,100,1213.33,0.28,528,8,0.25,,,
20240528085016 ,0.66,1003.85,26.24,100,1881.33,0.49,528,8,0.25,,,
20240605070016 ,0,1013.34,27.79,91.85,9396.5,20.86,605,7,0.35,,,
20240605071016 ,0,1013.3,28.13,89.01,10578.25,26.11,605,7,0.35,,,
20240605072016 ,0,1013.32,28.3,88.71,10531.67,26.16,605,7,0.35,,,
20240605073016 ,0,1013.37,28.77,87.37,11229.67,30.01,605,7,0.35,,,
20240605074016 ,0,1013.43,29.28,84.99,13225.92,41.6,605,7,0.35,,,
20240605075016 ,0,1013.49,29.88,82.79,14545.83,50.04,605,7,0.35,,,
20240605080016 ,0,1013.51,30.33,80.59,17074.92,70.41,605,8,0.35,,,
20240605081016 ,0,1013.48,31.05,79.2,19755.25,92.76,605,8,0.35,,,
20240605082016 ,0,1013.49,31.9,76.46,21334.83,107.11,605,8,0.35,,,
20240605083016 ,0,1013.49,32.71,71.84,26434.83,164.4,605,8,0.35,,,
20240605084016 ,0,1013.47,35.36,62.52,43582.37,414.55,605,8,0.35,,,
20240605085016 ,0,1013.45,37,53.31,34407.28,237.24,605,8,0.35,,,
20240606070016 ,0,1011.33,27.37,100,3101.92,2.38,606,7,0.35,,,
20240606071016 ,0,1011.34,27.42,100,3323.58,2.68,606,7,0.35,,,
20240606072016 ,0,1011.38,27.41,100,3693.92,3.31,606,7,0.35,,,
20240606073016 ,0,1011.34,27.65,100,4626.58,5.2,606,7,0.35,,,
20240606074016 ,0,1011.24,28.76,100,14208.33,55.97,606,7,0.35,,,
20240606075016 ,0,1011.18,31.11,95.89,22659,117.77,606,7,0.35,,,
20240606080016 ,0,1011.16,31.38,92.16,15328.42,54,606,8,0.35,,,
20240606081016 ,0,1011.23,31.59,91.15,16665.83,63.62,606,8,0.35,,,
20240606082016 ,0,1011.29,32.59,86.25,24769.25,138.67,606,8,0.35,,,
20240606083016 ,0,1011.22,33.03,83.85,27402.67,173.36,606,8,0.35,,,
20240606084016 ,0,1011.13,34.99,78.27,34095.08,257.45,606,8,0.35,,,
20240606085016 ,0,1011.05,36.12,71.94,38139.26,295.05,606,8,0.35,,,
20240607070016 ,0,1008.99,26.27,100,7832.08,15.71,607,7,0.35,,,
20240607071016 ,0,1008.81,27.07,100,17325.08,71.86,607,7,0.35,,,
20240607072016 ,0,1008.83,27.18,100,10617.08,28.02,607,7,0.35,,,
20240607073016 ,0,1008.92,27,100,8933,23.04,607,7,0.35,,,
20240607074016 ,0,1009.13,26.33,100,2570.75,1.68,607,7,0.35,,,
20240607075016 ,0,1009.09,26.17,100,1974.42,0.87,607,7,0.35,,,
20240607080016 ,0,1009.04,26.04,100,2363.25,1.15,607,8,0.35,,,
20240607081016 ,0,1009.11,26.09,100,3899.75,3.65,607,8,0.35,,,
20240607082016 ,0,1009.25,26.57,100,7236.42,12.51,607,8,0.35,,,
20240607083016 ,0,1009.42,26.5,100,4118.33,4.34,607,8,0.35,,,
20240607084016 ,0,1009.58,26.77,100,11494.92,31.08,607,8,0.35,,,
20240607085016 ,0,1009.58,27.45,100,18623.75,83.97,607,8,0.35,,,
20240608070016 ,0,1008.98,28.9,100,12418.67,40.02,608,7,0.35,,,
20240608071016 ,0,1008.99,30.65,100,23080.92,125.46,608,7,0.35,,,
20240608072016 ,0,1008.98,31.88,100,27775.33,183.16,608,7,0.35,,,
20240608073016 ,0,1009.02,34.18,100,45983.47,614.04,608,7,0.35,,,
20240608074016 ,0,1008.89,37.12,100,43041.05,512.26,608,7,0.35,,,
20240608075016 ,0,1008.75,41.29,96.63,96901.33,1110.25,608,7,0.35,,,
20240608080016 ,0,1008.75,42.48,86.62,75265.88,258.26,608,8,0.35,,,
20240608081016 ,0,1008.83,43.47,78.14,96252.84,528.71,608,8,0.35,,,
20240608082016 ,0,1008.88,45.46,62.37,90584.96,1014.56,608,8,0.35,,,
20240608083016 ,0,1008.82,43.08,63.3,66031.02,604.17,608,8,0.35,,,
20240608084016 ,0,1008.74,43.69,61.27,78352.91,1100.07,608,8,0.35,,,
20240608085016 ,0,1008.58,44.31,57.27,70322.14,934.58,608,8,0.35,,,
20240609070016 ,0,1009.05,42.43,74.81,49027.57,642.69,609,7,0.35,,,
20240609071016 ,0,1009.07,42.48,69.14,43329.44,515.43,609,7,0.35,,,
20240609072016 ,0,1009.18,44.11,58.33,69802.8,1018.9,609,7,0.35,,,
20240609073016 ,0,1009.18,47.83,44.18,86050.01,1247.78,609,7,0.35,,,
20240609074016 ,0,1009.21,49.8,37.56,84519.79,1037.89,609,7,0.35,,,
20240609075016 ,0,1009.31,46.93,38.8,48681.81,175.45,609,7,0.35,,,
20240609080016 ,0,1009.34,43.65,46.77,59866.13,688.25,609,8,0.35,,,
20240609081016 ,0,1009.28,47.42,40.14,84753.02,1145.14,609,8,0.35,,,
20240609082016 ,0,1009.29,49.71,35.56,108582.81,1520.67,609,8,0.35,,,
20240609083016 ,0,1009.34,51.16,31.73,109011.55,1475.2,609,8,0.35,,,
20240609084016 ,0,1009.42,53.85,28.48,117290.47,1489.01,609,8,0.35,,,
20240609085016 ,0,1009.4,55.19,25.97,116161.31,1441.96,609,8,0.35,,,
20240610070016 ,0,1010.75,28.66,100,12638.5,41.5,610,7,0.35,,,
20240610071016 ,0,1010.76,29.93,100,11826.08,34.84,610,7,0.35,,,
20240610072016 ,0,1010.8,30.08,100,10966,28.64,610,7,0.35,,,
20240610073016 ,0,1010.81,29.72,100,10474.67,26.22,610,7,0.35,,,
20240610074016 ,0,1010.85,29.66,100,11415.5,30.75,610,7,0.35,,,
20240610075016 ,0,1010.95,29.99,100,11866.5,32.91,610,7,0.35,,,
20240610080016 ,0,1010.93,30.38,100,12908.17,39.49,610,8,0.35,,,
20240610081016 ,0,1010.76,32.37,100,25939.86,149.35,610,8,0.35,,,
20240610082016 ,0,1010.67,33.99,100,27363,165.53,610,8,0.35,,,
20240610083016 ,0,1010.6,34.46,100,28779.83,177.3,610,8,0.35,,,
20240610084016 ,0,1010.35,36.53,97.32,55308.95,624.64,610,8,0.35,,,
20240610085016 ,0,1010.25,40.46,78.96,66087.98,594.62,610,8,0.35,,,
20240611070016 ,0,1008.79,29.33,100,6189.92,8.57,611,7,0.35,,,
20240611071016 ,0,1008.74,29.55,100,7184.33,12.07,611,7,0.35,,,
20240611072016 ,0,1008.61,30.14,100,9720.08,21.27,611,7,0.35,,,
20240611073016 ,0,1008.65,30.47,100,9725,20.94,611,7,0.35,,,
20240611074016 ,0,1008.55,30.68,100,10361.08,24.38,611,7,0.35,,,
20240611075016 ,0,1008.58,31.26,100,13380.42,40.15,611,7,0.35,,,
20240611080016 ,0,1008.68,32.14,100,17496.67,66.7,611,8,0.35,,,
20240611081016 ,0,1008.59,33.22,100,20665.5,89.36,611,8,0.35,,,
20240611082016 ,0,1008.48,33.51,100,19128,76.6,611,8,0.35,,,
20240611083016 ,0,1008.39,33.64,100,15032.17,49.52,611,8,0.35,,,
20240611084016 ,0,1008.29,33.09,100,13997.42,44.44,611,8,0.35,,,
20240611085016 ,0,1008.12,33.33,100,18019.08,72.37,611,8,0.35,,,
20240612070016 ,0,1006.57,30.83,100,8840.67,19.22,612,7,0.35,,,
20240612071016 ,0,1006.64,31.16,100,9892.75,23.42,612,7,0.35,,,
20240612072016 ,0,1006.88,31.76,100,11089,27.22,612,7,0.35,,,
20240612073016 ,0,1007.01,31.87,100,11721.92,29.77,612,7,0.35,,,
20240612074016 ,0,1007.04,31.52,100,11895.08,31.5,612,7,0.35,,,
20240612075016 ,0,1007.08,32.58,100,13865.67,44.14,612,7,0.35,,,
20240612080016 ,0,1006.96,33.58,100,16681.34,65.53,612,8,0.35,,,
20240612081016 ,0,1006.93,34.08,100,17314.92,71.98,612,8,0.35,,,
20240612082016 ,0,1006.89,34.46,99.74,18993.08,83.73,612,8,0.35,,,
20240612083016 ,0,1006.92,34.62,99.58,17975.08,74.64,612,8,0.35,,,
20240612084016 ,0,1006.9,34.74,99.33,24294.17,128.86,612,8,0.35,,,
20240612085016 ,0,1006.84,35.74,94.67,25668.83,139.6,612,8,0.35,,,
20240613070016 ,0,1005.14,30.58,100,4567.58,5.32,613,7,0.35,,,
20240613071016 ,0,1005.22,30.25,100,4774.92,5.52,613,7,0.35,,,
20240613072016 ,0,1005.32,30.25,100,6232.67,8.63,613,7,0.35,,,
20240613073016 ,0,1005.4,30.32,100,7459.75,11.92,613,7,0.35,,,
20240613074016 ,0,1005.46,30.36,100,6142,8.67,613,7,0.35,,,
20240613075016 ,0,1005.48,30.5,100,7158.33,11.27,613,7,0.35,,,
20240613080016 ,0,1005.59,30.6,100,8887.08,17.23,613,8,0.35,,,
20240613081016 ,0,1005.6,30.38,100,9408.75,19.77,613,8,0.35,,,
20240613082016 ,0,1005.71,29.64,100,9737.75,19.89,613,8,0.35,,,
20240613083016 ,0,1005.78,29.24,100,12075,32.02,613,8,0.35,,,
20240613084016 ,0,1005.89,29.61,100,8225.08,20.54,613,8,0.35,,,
20240613085016 ,0,1005.97,29.75,100,391.25,0.3,613,8,0.35,,,
20240614070016 ,0,1004.49,29.42,100,4062.92,4.03,614,7,0.35,,,
20240614071016 ,0,1004.58,29.56,100,4193.92,4.2,614,7,0.35,,,
20240614072016 ,0,1004.53,29.69,100,4329.42,4.43,614,7,0.35,,,
20240614073016 ,0,1004.51,29.8,100,3949.5,3.8,614,7,0.35,,,
20240614074016 ,0,1004.5,29.92,100,5094.58,6.16,614,7,0.35,,,
20240614075016 ,0,1004.5,30.36,100,6787.42,10.37,614,7,0.35,,,
20240614080016 ,0,1004.59,30.65,100,7002.25,11.1,614,8,0.35,,,
20240614081016 ,0,1004.58,30.13,100,8224.08,14.5,614,8,0.35,,,
20240614082016 ,0.02,1004.51,29.85,100,10204.67,23,614,8,0.35,,,
20240614083016 ,0,1004.64,29.42,100,8478.67,15.7,614,8,0.35,,,
20240614084016 ,0,1004.67,29.23,100,8561.91,16.68,614,8,0.35,,,
20240614085016 ,0,1004.74,29.67,100,8584.08,16.28,614,8,0.35,,,
20240615070016 ,0,1004.36,47.19,39.94,58229.17,765.08,615,7,0.35,,,
20240615071016 ,0,1004.31,46.26,39.61,59258.61,759.77,615,7,0.35,,,
20240615072016 ,0,1004.43,46.99,38.63,77054.85,1092.02,615,7,0.35,,,
20240615073016 ,0,1004.49,48.51,35.99,84170.48,1155.13,615,7,0.35,,,
20240615074016 ,0,1004.58,51.17,31.44,94781.92,1241.05,615,7,0.35,,,
20240615075016 ,0,1004.73,51.64,28.65,105063.81,527.83,615,7,0.35,,,
20240615080016 ,0,1004.85,52.46,28.52,110002.34,474.86,615,8,0.35,,,
20240615081016 ,0,1004.9,53.95,25.68,112028.5,482.44,615,8,0.35,,,
20240615082016 ,0,1004.98,54.61,24.39,113106.81,489.8,615,8,0.35,,,
20240615083016 ,0,1005.08,54.89,22.99,117563.42,537.52,615,8,0.35,,,
20240615084016 ,0,1005,55.37,23.4,117758.2,577.55,615,8,0.35,,,
20240615085016 ,0,1005.01,54.98,22.88,117758.2,1411.82,615,8,0.35,,,
20240616070016 ,0,1008.13,32.06,99.75,14220.67,54.69,616,7,0.35,,,
20240616071016 ,0,1008.15,35.2,89.52,26793.5,183.17,616,7,0.35,,,
20240616072016 ,0,1008.25,38,76.92,46843.11,495.38,616,7,0.35,,,
20240616073016 ,0,1008.28,42.53,55.11,68602.53,908.34,616,7,0.35,,,
20240616074016 ,0,1008.28,43.15,47.42,69603.93,895.34,616,7,0.35,,,
20240616075016 ,0,1008.34,39,58.8,27596.67,165.54,616,7,0.35,,,
20240616080016 ,0,1008.48,36.29,72.72,21243.42,99.57,616,8,0.35,,,
20240616081016 ,0,1008.54,35.07,79.3,17830.08,71.36,616,8,0.35,,,
20240616082016 ,0,1008.66,33.89,85.86,15634.33,56.8,616,8,0.35,,,
20240616083016 ,0,1008.75,33.4,88.45,15460.92,56.09,616,8,0.35,,,
20240616084016 ,0,1008.81,33.46,87.05,16707.33,64.45,616,8,0.35,,,
20240616085016 ,0,1008.79,33.86,84.57,22013,104.98,616,8,0.35,,,
20240617070016 ,0,1007.95,30.88,100,7463.92,12.92,617,7,0.35,,,
20240617071016 ,0,1007.86,31.04,100,8750,18.17,617,7,0.35,,,
20240617072016 ,0,1007.86,31.26,100,10612.75,26.57,617,7,0.35,,,
20240617073016 ,0,1008.02,31.74,100,11860.84,32.16,617,7,0.35,,,
20240617074016 ,0,1008.17,31.92,100,10819,27.1,617,7,0.35,,,
20240617075016 ,0,1008.25,32.15,100,12081.75,32.98,617,7,0.35,,,
20240617080016 ,0,1008.32,32.08,100,10260.58,23.46,617,8,0.35,,,
20240617081016 ,0,1008.32,31.85,100,9013.25,18.13,617,8,0.35,,,
20240617082016 ,0,1008.29,31.5,100,8602.17,16.66,617,8,0.35,,,
20240617083016 ,0,1008.27,31.41,100,11091.17,27.29,617,8,0.35,,,
20240617084016 ,0,1008.33,31.66,100,11110.16,27.59,617,8,0.35,,,
20240617085016 ,0,1008.34,31.69,100,11524.17,29.7,617,8,0.35,,,
20240618070016 ,0,1008.43,36.01,86.91,30160.42,422.63,618,7,0.35,,,
20240618071016 ,0,1008.44,37.08,79.25,33737.02,477.59,618,7,0.35,,,
20240618072016 ,0,1008.46,37.74,75.89,39614.8,565.7,618,7,0.35,,,
20240618073016 ,0,1008.52,38.27,73.88,40912.32,520.06,618,7,0.35,,,
20240618074016 ,0,1008.59,37.71,74.63,45536.31,572.1,618,7,0.35,,,
20240618075016 ,0,1008.63,38.85,72.78,52079.23,638.12,618,7,0.35,,,
20240618080016 ,0,1008.65,38.97,71,50229.31,576.02,618,8,0.35,,,
20240618081016 ,0,1008.69,39.32,72.01,49657.26,550.97,618,8,0.35,,,
20240618082016 ,0,1008.71,39.18,73.55,43354.4,443.57,618,8,0.35,,,
20240618083016 ,0,1008.78,38.71,77.95,40637.29,377.41,618,8,0.35,,,
20240618084016 ,0,1008.79,39,78.29,40955.49,365.02,618,8,0.35,,,
20240618085016 ,0,1008.8,38.77,78.8,40041.36,339.1,618,8,0.35,,,
20240619070016 ,0,1007.39,45.69,54.25,62226.68,1064.31,619,7,0.35,,,
20240619071016 ,0,1007.43,45.26,49.48,69908.68,1140.91,619,7,0.35,,,
20240619072016 ,0,1007.46,46.61,46.93,78937.26,1101.03,619,7,0.35,,,
20240619073016 ,0,1007.4,47.42,43.13,88318.38,438.12,619,7,0.35,,,
20240619074016 ,0,1007.4,46.5,41.38,97013.64,485.84,619,7,0.35,,,
20240619075016 ,0,1007.42,48.28,37.13,101790.63,478.71,619,7,0.35,,,
20240619080016 ,0,1007.41,49.28,35.94,106269.16,568.94,619,8,0.35,,,
20240619081016 ,0,1007.44,48.63,36.65,110290.92,582.26,619,8,0.35,,,
20240619082016 ,0,1007.43,48.26,36.63,107295.71,569.21,619,8,0.35,,,
20240619083016 ,0,1007.45,47.69,36.97,102901.64,525.11,619,8,0.35,,,
20240619084016 ,0,1007.49,49.91,33.87,117609.24,684.36,619,8,0.35,,,
20240619085016 ,0,1007.51,49.26,34.23,108622.71,532.96,619,8,0.35,,,
20240620070016 ,0,1007.64,35.16,99.49,39202.01,454.81,620,7,0.35,,,
20240620071016 ,0,1007.66,40.68,84.18,62007.64,948.57,620,7,0.35,,,
20240620072016 ,0,1007.74,44.32,62.66,57623.98,751.44,620,7,0.35,,,
20240620073016 ,0,1007.82,42.15,64.2,42974.86,376.02,620,7,0.35,,,
20240620074016 ,0,1007.89,42.54,61.52,50239.19,465.05,620,7,0.35,,,
20240620075016 ,0,1007.92,42.64,59.47,49265.64,431.53,620,7,0.35,,,
20240620080016 ,0,1007.83,41.73,62.88,47747.64,395.52,620,8,0.35,,,
20240620081016 ,0,1007.74,42.15,61.1,54387.81,494.7,620,8,0.35,,,
20240620082016 ,0,1007.61,43.29,54.92,70866.59,796.25,620,8,0.35,,,
20240620083016 ,0,1007.64,42.85,52.01,72932.82,834.14,620,8,0.35,,,
20240620084016 ,0,1007.68,43.33,51.22,76087.95,903.95,620,8,0.35,,,
20240620085016 ,0,1007.71,44.41,45.7,85132.34,1074.5,620,8,0.35,,,
20240621070016 ,0,1007.52,48.85,39.56,60277.78,993.14,621,7,0.35,,,
20240621071016 ,0,1007.56,49.29,36.33,68933.16,1100.93,621,7,0.35,,,
20240621072016 ,0,1007.6,50.21,33.58,79359.34,1217.85,621,7,0.35,,,
20240621073016 ,0,1007.69,49.16,34.55,88152.71,1283.62,621,7,0.35,,,
20240621074016 ,0,1007.71,51.21,32.37,95088.83,1290.62,621,7,0.35,,,
20240621075016 ,0,1007.71,51.34,31.21,99950.63,667.79,621,7,0.35,,,
20240621080016 ,0,1007.73,52.18,29.55,105226.97,450.22,621,8,0.35,,,
20240621081016 ,0,1007.72,50.38,31.09,109359.96,477.33,621,8,0.35,,,
20240621082016 ,0,1007.69,50.28,31.85,109102.11,477.73,621,8,0.35,,,
20240621083016 ,0,1007.75,48.58,32.49,102483.86,425.12,621,8,0.35,,,
20240621084016 ,0,1007.72,47.71,33.52,107572.97,477.28,621,8,0.35,,,
20240621085016 ,0,1007.68,46.52,35.88,109571.81,490.72,621,8,0.35,,,
20240622070016 ,0,1008.47,45.42,53.38,64597.83,1013.07,622,7,0.35,,,
20240622071016 ,0,1008.43,47.17,48.11,67334.83,998.73,622,7,0.35,,,
20240622072016 ,0,1008.35,48.54,44.21,74845.41,1086.17,622,7,0.35,,,
20240622073016 ,0,1008.31,48.72,41.6,83510.3,1174.11,622,7,0.35,,,
20240622074016 ,0,1008.33,49.6,39.96,76070.71,1052.81,622,7,0.35,,,
20240622075016 ,0,1008.37,46.74,45.44,71736.05,965.58,622,7,0.35,,,
20240622080016 ,0,1008.47,47.02,42.64,106324.68,1457.33,622,8,0.35,,,
20240622081016 ,0,1008.56,46.6,42.95,107811.06,1438.81,622,8,0.35,,,
20240622082016 ,0,1008.46,46.62,39.73,106720.17,1443.35,622,8,0.35,,,
20240622083016 ,0,1008.46,45.54,42.41,106323.24,1467.48,622,8,0.35,,,
20240622084016 ,0,1008.47,44.65,45.94,107910.78,1515.14,622,8,0.35,,,
20240622085016 ,0,1008.45,43.72,47.3,112774.92,1571.29,622,8,0.35,,,
20240623070016 ,0,1009.96,37.47,91.75,27000.58,191.86,623,7,0.35,,,
20240623071016 ,0,1010.02,39.18,84.58,48107.71,592.89,623,7,0.35,,,
20240623072016 ,0,1009.87,42.09,72.6,67712.36,959.45,623,7,0.35,,,
20240623073016 ,0,1009.76,42.57,69.79,55112.89,729.89,623,7,0.35,,,
20240623074016 ,0,1009.67,44.82,56.76,85518.49,1181.85,623,7,0.35,,,
20240623075016 ,0,1009.73,45.84,49.96,89223.65,1197.69,623,7,0.35,,,
20240623080016 ,0,1009.72,46.2,47.61,95799.49,1296.72,623,8,0.35,,,
20240623081016 ,0,1009.71,45.65,47.21,100348.99,1372.64,623,8,0.35,,,
20240623082016 ,0,1009.66,46.81,44.77,102328.97,1400.38,623,8,0.35,,,
20240623083016 ,0,1009.54,47.46,42.82,105115.38,1432.07,623,8,0.35,,,
20240623084016 ,0,1009.48,46.95,42.96,107650.77,1479.9,623,8,0.35,,,
20240623085016 ,0,1009.47,46.74,43.61,110412.21,1506.02,623,8,0.35,,,
20240626070016 ,0,1014.23,42.57,57.78,55005.93,875.28,626,7,0.35,,,
20240626071016 ,0,1014.18,44.37,53.2,64798.72,1035.09,626,7,0.35,,,
20240626072016 ,0,1014.13,42.24,54.9,21020.48,137.58,626,7,0.35,,,
20240626073016 ,0,1014.18,38.48,68.49,38102.33,289.99,626,7,0.35,,,
20240626074016 ,0,1014.16,38.82,69.13,41384.86,313.29,626,7,0.35,,,
20240626075016 ,0,1014.12,39.91,66.17,41214.83,379.37,626,7,0.35,,,
20240626080016 ,0,1014.12,40.65,63.61,72185.24,866.68,626,8,0.35,,,
20240626081016 ,0,1014.08,47.11,44.73,111835.52,1468.98,626,8,0.35,,,
20240626082016 ,0,1014.09,48.81,35.65,116231.03,1461,626,8,0.35,,,
20240626083016 ,0,1014.03,46.03,38.82,100034.18,1322.32,626,8,0.35,,,
20240626084016 ,0,1013.92,46.1,39.47,104575.78,1415.52,626,8,0.35,,,
20240626085016 ,0,1013.98,47.44,37.74,114892.18,1518.1,626,8,0.35,,,
20240627070016 ,0,1014.14,43.63,42,59493.63,1012.02,627,7,0.35,,,
20240627071016 ,0,1014.06,43.86,42.38,67719.01,1110.45,627,7,0.35,,,
20240627072016 ,0,1013.89,46.54,38.24,76576.88,1185.49,627,7,0.35,,,
20240627073016 ,0,1013.95,47.06,37.51,81519.73,1172.72,627,7,0.35,,,
20240627074016 ,0,1013.92,47.06,37.31,94924.23,1334.07,627,7,0.35,,,
20240627075016 ,0,1013.81,47.86,36.25,100689.86,1376.66,627,7,0.35,,,
20240627080016 ,0,1013.84,48.16,34.86,105153.66,1423.11,627,8,0.35,,,
20240627081016 ,0,1013.88,47.52,34.62,109518.09,1470.78,627,8,0.35,,,
20240627082016 ,0,1013.92,45.68,36.78,108996.1,1481.8,627,8,0.35,,,
20240627083016 ,0,1013.92,46.21,37.31,112722.63,1532.29,627,8,0.35,,,
20240627084016 ,0,1013.94,45.9,38.69,112962.16,1551.17,627,8,0.35,,,
20240627085016 ,0,1013.85,45.65,38.68,103253.46,1389.49,627,8,0.35,,,
20240628070016 ,0,1011.86,41.97,61.15,52485.1,792.41,628,7,0.35,,,
20240628071016 ,0,1011.88,44.62,49.29,59123.65,879.77,628,7,0.35,,,
20240628072016 ,0,1011.89,45.66,42.47,70467.15,1075.22,628,7,0.35,,,
20240628073016 ,0,1011.85,45.76,41.13,77577.2,1144.71,628,7,0.35,,,
20240628074016 ,0,1011.86,45.48,41.43,73215.11,964.76,628,7,0.35,,,
20240628075016 ,0,1011.9,44.18,42.96,74189.55,947.87,628,7,0.35,,,
20240628080016 ,0,1011.93,43.14,45.01,75739.54,961.2,628,8,0.35,,,
20240628081016 ,0,1011.9,43.41,45.1,83704.91,1107.55,628,8,0.35,,,
20240628082016 ,0,1011.89,45.05,43.67,76162.16,941.9,628,8,0.35,,,
20240628083016 ,0,1011.94,44.21,44.81,52981.93,495.98,628,8,0.35,,,
20240628084016 ,0,1011.95,41.14,50.42,49285.23,437.54,628,8,0.35,,,
20240628085016 ,0,1011.97,40.76,53,56973.15,575.86,628,8,0.35,,,
20240629070016 ,0,1010.25,42.69,55.42,59863.25,1046.61,629,7,0.35,,,
20240629071016 ,0,1010.46,42.37,55.02,67450.01,1125.36,629,7,0.35,,,
20240629072016 ,0,1010.24,45.05,50.82,76142.4,1194.23,629,7,0.35,,,
20240629073016 ,0,1010.09,48.7,41.23,85942.37,1269.79,629,7,0.35,,,
20240629074016 ,0,1010.07,49.26,37.24,94611.04,1323.32,629,7,0.35,,,
20240629075016 ,0,1010.04,48.38,38.02,101013.48,1380.66,629,7,0.35,,,
20240629080016 ,0,1009.99,46.9,38.91,106133.49,1453.61,629,8,0.35,,,
20240629081016 ,0,1009.93,45.02,41.78,110283.38,1508.09,629,8,0.35,,,
20240629082016 ,0,1009.85,45.14,41.14,112323.73,1535.68,629,8,0.35,,,
20240629083016 ,0,1009.8,46.29,40.51,114172.17,1543.07,629,8,0.35,,,
20240629084016 ,0,1009.73,46.75,37.53,115147.7,1554.32,629,8,0.35,,,
20240629085016 ,0,1009.71,47.1,37.04,117440.87,1575.56,629,8,0.35,,,
20240630070016 ,0,1007.98,43.35,80.03,55739.96,947.67,630,7,0.35,,,
20240630071016 ,0,1007.96,44.63,66.3,65387.74,1089.69,630,7,0.35,,,
20240630072016 ,0,1008.03,46.29,61.28,74470.4,1189.75,630,7,0.35,,,
20240630073016 ,0,1008.17,46.1,56.55,76448.4,1118.59,630,7,0.35,,,
20240630074016 ,0,1008.31,44.95,55.8,84926.78,1196.26,630,7,0.35,,,
20240630075016 ,0,1008.41,44.82,56.12,99810.47,1423.81,630,7,0.35,,,
20240630080016 ,0,1008.52,44.89,56.99,102813.95,1448.95,630,8,0.35,,,
20240630081016 ,0,1008.54,46.41,53.92,109394.1,1505.82,630,8,0.35,,,
20240630082016 ,0,1008.43,48.01,46.96,111420.44,1494.96,630,8,0.35,,,
20240630083016 ,0,1008.33,47.74,49.47,110695.76,1490.79,630,8,0.35,,,
20240630084016 ,0,1008.3,47.47,51.1,115085.16,1567.06,630,8,0.35,,,
20240630085016 ,0,1008.27,48.99,44.12,112571.52,1496.46,630,8,0.35,,,
20240701070016 ,0,1008.03,37.4,79.56,15422.67,68.34,701,7,0.35,,,
20240701071016 ,0,1008.16,36.15,85.92,13056,41.89,701,7,0.35,,,
20240701072016 ,0,1008.12,36.14,89.05,14633.67,52.81,701,7,0.35,,,
20240701073016 ,0,1008.18,36,89.55,18441.33,81.06,701,7,0.35,,,
20240701074016 ,0,1008.18,36.97,85.78,41675.24,403.78,701,7,0.35,,,
20240701075016 ,0,1008.15,39.2,73.05,52077.67,603.74,701,7,0.35,,,
20240701080016 ,0,1008.11,42.12,61.02,46426.21,440.52,701,8,0.35,,,
20240701081016 ,0,1008.06,41.52,60.32,46380.94,478.13,701,8,0.35,,,
20240701082016 ,0,1008.05,42.57,56.56,70939.9,910.27,701,8,0.35,,,
20240701083016 ,0,1008.1,43.39,50.5,94429.19,1314.67,701,8,0.35,,,
20240701084016 ,0,1008.02,42.38,53.21,74240.04,941.64,701,8,0.35,,,
20240701085016 ,0,1007.8,43.27,52.27,96626.41,1317.3,701,8,0.35,,,
20240703070016 ,0,1014.28,45.84,46.3,58318.47,1024.08,703,7,0.35,,,
20240703071016 ,0,1014.28,47.07,41.35,66732.88,1118.46,703,7,0.35,,,
20240703072016 ,0,1014.28,48.9,38.03,75876.46,1202.46,703,7,0.35,,,
20240703073016 ,0,1014.25,48.47,35.85,85178.7,1282.61,703,7,0.35,,,
20240703074016 ,0,1014.37,46.56,38.06,94150.5,1354.69,703,7,0.35,,,
20240703075016 ,0,1014.37,47.24,37.28,101763.49,1408.66,703,7,0.35,,,
20240703080016 ,0,1014.43,49.64,33.9,107449.88,1450.53,703,8,0.35,,,
20240703081016 ,0,1014.42,50.48,30.71,111185.59,1477.33,703,8,0.35,,,
20240703082016 ,0,1014.54,49.53,30.51,114104.61,1524.97,703,8,0.35,,,
20240703083016 ,0,1014.67,48.16,33.18,116974.58,1588.57,703,8,0.35,,,
20240703084016 ,0,1014.73,49.85,29.82,117523.17,1600.19,703,8,0.35,,,
20240703085016 ,0,1014.6,47.54,32.46,103014.3,1423.75,703,8,0.35,,,
20240704070016 ,0,1014.43,46.51,45.69,58309.85,1036.47,704,7,0.35,,,
20240704071016 ,0,1014.43,46.42,42.28,66788.4,1137.34,704,7,0.35,,,
20240704072016 ,0,1014.34,48.26,38.3,75686.17,1221.98,704,7,0.35,,,
20240704073016 ,0,1014.28,47.96,38.2,85085.08,1297.9,704,7,0.35,,,
20240704074016 ,0,1014.27,48.86,36.16,93873.78,1352.53,704,7,0.35,,,
20240704075016 ,0,1014.26,47.09,39.31,101148.6,1414.76,704,7,0.35,,,
20240704080016 ,0,1014.18,48.44,37.53,105720.93,1442.54,704,8,0.35,,,
20240704081016 ,0,1014.17,49.15,36.44,109800.55,1469.88,704,8,0.35,,,
20240704082016 ,0,1014.16,48.74,34.93,112847.16,1501.07,704,8,0.35,,,
20240704083016 ,0,1014.02,49.57,33.13,114994.6,1518.82,704,8,0.35,,,
20240704084016 ,0,1013.96,47.5,34.77,116110.64,1571.83,704,8,0.35,,,
20240704085016 ,0,1013.9,47.91,34.2,117462.07,1581.45,704,8,0.35,,,
20240705070016 ,0,1011.08,46.2,38.69,58102.85,1046.77,705,7,0.35,,,
20240705071016 ,0,1011.03,49.06,34.65,66736.3,1137.21,705,7,0.35,,,
20240705072016 ,0,1011.02,50.41,30.13,75588.06,1222.91,705,7,0.35,,,
20240705073016 ,0,1011.1,49.84,30.02,85053.1,1301.38,705,7,0.35,,,
20240705074016 ,0,1011.15,48.38,31.15,93670.73,1360.94,705,7,0.35,,,
20240705075016 ,0,1011.21,50.46,29.97,101456.05,1400.18,705,7,0.35,,,
20240705080016 ,0,1011.27,51.53,27.52,106194.05,1432.43,705,8,0.35,,,
20240705081016 ,0,1011.28,50.34,28.25,110210.6,1471.52,705,8,0.35,,,
20240705082016 ,0,1011.26,51.68,27.52,113108.6,1490.36,705,8,0.35,,,
20240705083016 ,0,1011.17,51.22,29.52,113860.77,1513.18,705,8,0.35,,,
20240705084016 ,0,1011.15,50.24,30.1,114696.68,1538.41,705,8,0.35,,,
20240705085016 ,0,1011.11,46.98,35.61,116804.6,1597.5,705,8,0.35,,,
20240706070016 ,0,1010.48,46.03,41.28,57833.5,1030.79,706,7,0.35,,,
20240706071016 ,0,1010.54,45.16,41.92,66297.5,1130.94,706,7,0.35,,,
20240706072016 ,0,1010.65,45.12,42.14,74993.66,1221.3,706,7,0.35,,,
20240706073016 ,0,1010.67,46.05,39.73,84312.07,1297.3,706,7,0.35,,,
20240706074016 ,0,1010.64,45.51,40.35,93042.01,1363.05,706,7,0.35,,,
20240706075016 ,0,1010.67,45.51,38.29,100682.85,1422.46,706,7,0.35,,,
20240706080016 ,0,1010.7,46.88,36.53,105307.83,1460.83,706,8,0.35,,,
20240706081016 ,0,1010.66,46.43,38.3,109108.04,1500.15,706,8,0.35,,,
20240706082016 ,0,1010.63,48.34,34.86,112368.65,1518.58,706,8,0.35,,,
20240706083016 ,0,1010.63,46.46,35.73,114580.96,1562.86,706,8,0.35,,,
20240706084016 ,0,1010.56,47.17,35.28,116271.82,1574.51,706,8,0.35,,,
20240706085016 ,0,1010.55,48.45,32.95,116699.66,1579.05,706,8,0.35,,,
20240707070016 ,0,1011.61,44.69,45.74,57185.72,1016.51,707,7,0.35,,,
20240707071016 ,0,1011.56,47.51,40.55,65815.4,1111.16,707,7,0.35,,,
20240707072016 ,0,1011.57,47.93,39.9,74497,1199.86,707,7,0.35,,,
20240707073016 ,0,1011.59,50.69,33.77,83939.76,1269.88,707,7,0.35,,,
20240707074016 ,0,1011.58,48.83,34.48,92647.77,1337.19,707,7,0.35,,,
20240707075016 ,0,1011.48,49.07,34.71,100419.79,1386.16,707,7,0.35,,,
20240707080016 ,0,1011.53,51.02,31.46,105163.36,1420.95,707,8,0.35,,,
20240707081016 ,0,1011.51,49.4,32.99,108965.91,1469.68,707,8,0.35,,,
20240707082016 ,0,1011.58,48.4,33.26,111890.68,1506.69,707,8,0.35,,,
20240707083016 ,0,1011.62,48.16,35.18,114394.81,1534.51,707,8,0.35,,,
20240707084016 ,0,1011.59,46.78,36.04,116129.87,1571.73,707,8,0.35,,,
20240707085016 ,0,1011.65,45.69,38.27,117445.54,1603.51,707,8,0.35,,,
20240708070016 ,0,1009.92,45.04,42.26,65073.47,1198.83,708,7,0.35,,,
20240708071016 ,0,1009.8,46.84,37.12,69636.09,1239.7,708,7,0.35,,,
20240708072016 ,0,1009.76,48.52,33.03,73250.51,1210.98,708,7,0.35,,,
20240708073016 ,0,1009.79,47.71,31.53,81739.48,1282.72,708,7,0.35,,,
20240708074016 ,0,1009.92,45.85,34.23,90230.79,1347.96,708,7,0.35,,,
20240708075016 ,0,1009.94,46.28,34.83,98026.54,1401.52,708,7,0.35,,,
20240708080016 ,0,1010.04,46.66,34.29,102720.69,1447.83,708,8,0.35,,,
20240708081016 ,0,1009.99,49.66,30.42,107073.08,1464.22,708,8,0.35,,,
20240708082016 ,0,1009.88,53.28,25.59,110548.77,1467.43,708,8,0.35,,,
20240708083016 ,0,1009.89,50.84,26.45,113440.67,1518.77,708,8,0.35,,,
20240708084016 ,0,1009.86,50.55,27.98,115619.38,1536.37,708,8,0.35,,,
20240708085016 ,0,1009.68,48.65,30.17,117308.08,1576.55,708,8,0.35,,,
20240709070016 ,0,1010.29,44.74,42.7,56348.56,1024.48,709,7,0.35,,,
20240709071016 ,0,1010.28,45.11,42.41,64967.27,1124.49,709,7,0.35,,,
20240709072016 ,0,1010.2,47.21,36.12,73628.75,1212.48,709,7,0.35,,,
20240709073016 ,0,1010.1,48.53,34.04,82878.52,1280.88,709,7,0.35,,,
20240709074016 ,0,1009.95,50.63,30.68,91619.78,1330.22,709,7,0.35,,,
20240709075016 ,0,1009.8,51.15,28.44,99690.98,1382.47,709,7,0.35,,,
20240709080016 ,0,1009.67,52.21,27.23,104572.73,1421.55,709,8,0.35,,,
20240709081016 ,0,1009.5,53.44,25.02,108593.59,1450.19,709,8,0.35,,,
20240709082016 ,0,1009.42,51.79,24.92,112112.95,1488.46,709,8,0.35,,,
20240709083016 ,0,1009.32,52.39,24.46,114952.56,1508.99,709,8,0.35,,,
20240709084016 ,0,1009.27,53.64,22.75,116602.08,1515.09,709,8,0.35,,,
20240709085016 ,0,1009.19,52.13,22.58,117652.54,1551.24,709,8,0.35,,,
20240711070016 ,0,1008.39,39.83,72.85,51585.76,884.44,711,7,0.35,,,
20240711071016 ,0,1008.32,41.74,64.65,62863.13,1075.14,711,7,0.35,,,
20240711072016 ,0,1008.21,43.16,60.44,70896.06,1162.01,711,7,0.35,,,
20240711073016 ,0,1008.21,44.82,54.05,78269.9,1199.38,711,7,0.35,,,
20240711074016 ,0,1008.16,43.36,55.28,89233.71,1327.46,711,7,0.35,,,
20240711075016 ,0,1008.1,44.28,53.29,95875.14,1362.2,711,7,0.35,,,
20240711080016 ,0,1008.1,43.68,52.4,100948.61,1422.34,711,8,0.35,,,
20240711081016 ,0,1008.04,44.21,50.52,105991.9,1483.56,711,8,0.35,,,
20240711082016 ,0,1007.98,44.98,49.44,109345.77,1508.02,711,8,0.35,,,
20240711083016 ,0,1007.89,45.53,45.97,113664.38,1552.46,711,8,0.35,,,
20240711084016 ,0,1007.78,46.75,43.43,114993.7,1546.78,711,8,0.35,,,
20240711085016 ,0,1007.63,46.1,43.07,115965.81,1573.78,711,8,0.35,,,
